sol,easting,northing,dist_m,tilt,final,straight_line
13,4354494.086,1093299.695,0.0,1.181965113,y,0
14,4354497.517,1093294.73,6.255,1.006714395,y,6.035145897152119
15,4354502.424,1093329.801,36.393,2.391847235,y,35.4126204903898
16,4354528.468,1093338.387,27.431,1.922877922,y,27.42278855328661
20,4354548.64,1093330.59,23.422,1.158302449,y,21.626437362010556
23,4354544.202,1093333.786,5.47,1.514467808,y,5.469027335889228
29,4354546.709,1093331.539,3.942,1.327131298,y,3.3666092735816804
31,4354519.166,1093332.465,33.388,1.599702194,y,27.558561736378692
32,4354511.566,1093304.014,30.607,0.9705630596,y,29.448589117565053
33,4354501.886,1093307.106,12.959,1.590039653,y,10.161833692493508
34,4354501.722,1093313.659,6.555,0.8800044738,y,6.555051868666679
43,4354501.894,1093318.259,4.603,1.1170923,y,4.603214529102892
44,4354501.662,1093318.415,1.448,0.1210479028,y,0.27957110070025126
47,4354530.283,1093308.697,38.426,2.355971431,y,30.225836051595262
48,4354546.553,1093314.164,17.17,1.285067707,y,17.163944448107316
49,4354557.816,1093309.691,12.126,0.1288933592,y,12.118700342241585
52,4354564.594,1093307.12,11.522,0.245592999,y,7.2492292693135205
65,4354569.415,1093302.011,8.498,1.60267525,y,7.024522902390238
66,4354573.466,1093293.855,9.207,1.127651406,y,9.106642465758194
72,4354585.826,1093278.999,19.467,1.52572158,y,19.325380617356206
73,4354589.755,1093269.989,9.833,2.598597613,y,9.829401863620081
84,4354572.28,1093275.519,18.37,1.520498795,y,18.329116863266737
86,4354569.045,1093272.017,4.77,0.6799975822,y,4.767518117724838
91,4354568.374,1093255.418,19.776,1.228062157,y,16.612556756796053
99,4354565.816,1093248.456,16.432,1.209245596,y,7.417061952134082
102,4354530.161,1093218.345,47.574,2.728788842,y,46.668526288647705
103,4354511.439,1093203.102,24.19,0.535208413,y,24.14254197475945
104,4354492.887,1093169.054,38.819,1.597502753,y,38.774257027078605
105,4354483.453,1093144.443,26.57,1.655514454,y,26.35719402759706
107,4354482.512,1093136.715,9.221,3.466778038,y,7.785079639770605
108,4354462.152,1093130.825,21.845,1.000739686,y,21.19485079011382
109,4354428.843,1093091.803,51.633,1.671482961,y,51.30502865170702
110,4354424.255,1093037.237,56.895,0.6836189816,y,54.758543625775516
113,4354418.312,1093002.356,35.748,1.140821745,y,35.38366021207083
116,4354410.67,1092970.249,46.263,4.446483528,y,33.00393329574278
122,4354411.196,1093000.012,30.397,2.365313011,y,29.767647622925647
123,4354423.77,1092934.074,72.798,0.9875881927,y,67.1261895238211
124,4354419.546,1092927.062,8.193,2.626302426,y,8.185983141744854
126,4354434.19,1092909.298,24.704,5.106603635,y,23.021868560310043
127,4354441.988,1092870.189,40.369,4.63715507,y,39.87885009609949
128,4354442.314,1092873.002,2.832,0.5504836012,y,2.83182714880153
129,4354467.38,1092850.236,51.433,1.323334164,y,33.86141036615088
130,4354541.286,1092773.812,125.455,1.151319917,y,106.31427285214542
131,4354559.375,1092671.686,105.793,3.99985711,y,103.71562947297096
134,4354573.279,1092579.398,94.724,2.706484009,y,93.32950315946205
135,4354565.102,1092500.047,104.213,7.273326061,y,79.77120113177536
136,4354559.214,1092466.152,36.407,6.251060506,y,34.40260991559247
137,4354565.203,1092431.417,37.478,4.777505283,y,35.247529644044995
153,4354558.357,1092336.2,99.633,3.850910073,y,95.46279277806819
155,4354532.897,1092300.915,44.48,3.336633933,y,43.5114102850297
157,4354537.045,1092296.026,6.57,1.980516651,y,6.411569620618888
168,4354534.617,1092269.875,31.869,8.405953962,y,26.263472447587453
169,4354489.589,1092292.916,53.25,3.163438495,y,50.580712381227904
170,4354399.401,1092340.214,104.535,8.128146613,y,101.83798970919547
171,4354313.697,1092405.858,111.858,8.326686059,y,107.95513119808696
173,4354278.209,1092409.67,39.204,10.17223481,y,35.692148828446456
175,4354263.98,1092412.611,20.682,19.83306569,y,14.529759873521275
177,4354188.752,1092463.137,93.922,8.550401579,y,90.62079595779926
178,4354124.422,1092481.61,81.808,0.6647872291,y,66.92981868352489
180,4354127.515,1092476.503,10.963,1.977059203,y,5.970602816897049
199,4354068.95,1092505.595,72.704,3.268929112,y,65.39268834461365
200,4353920.666,1092583.7,169.486,4.374206651,y,167.59634745719453
201,4353954.419,1092592.835,41.908,5.616757936,y,34.967316653848286
202,4353981.044,1092626.708,44.825,3.705102703,y,43.08446070231514
203,4354008.453,1092630.286,29.349,3.332143863,y,27.641551421709973
204,4354017.564,1092634.105,16.467,7.377258052,y,9.879022320469884
210,4354001.307,1092657.036,52.347,6.886287781,y,28.10908767661364
237,4354031.782,1092664.566,32.513,4.488701965,y,31.3915040254161
238,4354048.478,1092661.839,17.867,12.30814291,y,16.917238102493297
239,4354051.396,1092667.455,11.661,7.822827647,y,6.328837175926432
248,4354051.81,1092667.644,0.697,6.399181256,y,0.45510108756193296
278,4354054.035,1092665.381,6.335,7.048472954,y,3.1736089870440574
280,4354018.973,1092662.365,36.258,7.094307661,y,35.191477661425694
281,4353995.901,1092636.686,36.262,0.3987152976,y,34.521416903555256
283,4353999.068,1092637.855,3.977,5.665418822,y,3.3758628530050423
285,4353963.479,1092596.904,62.523,3.601169394,y,54.25459724270625
286,4353959.256,1092590.381,8.037,8.783772974,y,7.770666509543049
328,4353961.386,1092586.931,4.344,13.62584171,y,4.054552996225675
333,4353957.824,1092587.138,13.506,2.99655276,y,3.5680096691839167
335,4353955.939,1092587.327,9.005,0.8063095946,y,1.8944513715485727
340,4353938.031,1092591.286,0.0,5.985117837,m,18.34039653316815
340,4353973.432,1092499.373,0.0,1.594445146,m,98.49482407722869
340,4354061.217,1092474.929,238.516,0.7980901058,y,91.12472420271754
341,4354132.847,1092485.742,0.0,6.63768247,m,72.44154794719506
341,4354191.509,1092455.368,0.0,6.407230096,m,66.05914107790734
341,4354261.48,1092419.055,240.61,11.23336523,y,78.83257454962846
342,4354272.96,1092413.606,12.809,12.83352418,y,12.70755684579551
343,4354281.367,1092404.066,0.0,9.397495516,m,12.71570874904367
343,4354277.861,1092400.408,19.241,9.83202335,y,5.066853066821742
350,4354354.807,1092371.938,0.0,6.55592196,m,82.04406021199523
351,4354577.125,1092385.777,0.0,2.442846341,m,222.74831322590194
352,4354573.996,1092445.356,488.525,4.753585165,y,59.66110862184528
353,4354590.056,1092514.777,0.0,1.810823616,m,71.25446541094286
353,4354563.063,1092601.769,212.283,3.381908963,y,91.08364349872727
354,4354565.325,1092687.402,0.0,5.615061985,m,85.6628702121625
354,4354550.094,1092761.27,0.0,2.547976551,m,75.42191183615732
354,4354544.138,1092783.97,186.747,0.3916666742,y,23.468360317449363
355,4354526.532,1093030.646,269.083,2.064218553,y,247.30349817988926
358,4354550.905,1093066.183,0.0,1.965053991,m,43.092011997935444
359,4354550.697,1093066.315,44.062,1.965053991,y,0.24634934591171925
360,4354543.723,1093151.681,0.0,2.130508322,m,85.65039773415482
360,4354566.324,1093253.994,204.676,3.110411162,y,104.77955511434327
361,4354581.348,1093256.238,19.44,4.226224092,y,15.190658708760276
362,4354581.159,1093256.69,9.392,2.833331857,y,0.4899234635498877
379,4354527.135,1093394.577,198.821,3.497764347,y,148.09259719868277
380,4354687.455,1093558.572,0.0,0.4595836586,m,229.34005848315257
381,4354687.436,1093558.666,252.145,0.4595836586,y,0.09590099071374679
382,4354946.946,1093689.291,293.581,1.157498368,y,290.53111834254065
383,4355111.055,1093835.787,233.326,3.079892217,y,219.98373098200494
384,4355119.255,1094037.232,208.305,3.824018132,y,201.61182511209336
385,4355115.428,1094050.24,13.862,2.096372807,y,13.559277008549438
386,4355182.666,1094257.826,234.909,1.227059923,y,218.20379474230484
387,4355095.315,1094476.228,259.638,1.233564297,y,235.22251338884288
388,4354913.826,1094637.585,253.769,1.736035642,y,242.8463270672346
389,4354693.996,1094702.731,239.354,0.8867275445,y,229.2798076936262
394,4354565.589,1094697.453,128.812,1.128377234,y,128.51542682942952
395,4354370.905,1094675.926,197.61,3.585232583,y,195.87054802796848
396,4354216.711,1094647.802,158.2,3.01526186,y,156.73783529207373
397,4354171.735,1094613.231,66.563,1.065651215,y,56.72737096835157
398,4354022.819,1094541.902,229.615,1.243275393,y,165.1175378239609
399,4353829.982,1094451.459,214.092,1.583983322,y,212.9930628403345
400,4353663.102,1094326.122,212.418,2.86818446,y,208.706248035312
401,4353487.249,1094305.518,179.562,2.523996522,y,177.055930217104
402,4353319.672,1094247.42,180.35,3.918036501,y,177.36242142252104
404,4353081.256,1094170.509,253.493,0.5117846251,y,250.51445263112552
405,4352857.825,1094037.722,264.539,1.802108821,y,259.91113698713076
407,4352677.976,1093937.962,206.426,0.7770018661,y,205.6640960429017
408,4352427.892,1093845.364,269.772,0.7491494862,y,266.6765768864957
409,4352393.717,1093846.985,0.0,0.8553735277,m,34.213422307442556
409,4352218.939,1093852.075,213.761,0.806954552,y,174.8521014571316
413,4352139.689,1093867.281,0.0,0.6306699629,m,80.6956314554894
413,4352128.349,1093851.336,0.0,0.9617615599,m,19.56626241771022
413,4352119.243,1093833.925,0.0,0.7036858296,m,19.648464494860864
413,4352113.988,1093805.539,144.901,0.7856086997,y,28.868322102183935
414,4352109.237,1093797.969,0.0,0.6239199579,m,8.937387817620118
414,4351973.284,1093733.31,161.86,1.221951486,y,150.54568904465248
415,4351924.726,1093582.91,160.974,5.406558367,y,158.04442212258184
416,4351904.519,1093517.757,69.665,6.066844493,y,68.21463375236932
418,4351751.38,1093555.348,159.715,7.063907171,y,157.68524535330968
419,4351725.461,1093546.337,50.626,6.626554969,y,27.440712126083145
420,4351709.797,1093607.795,65.976,0.6335365279,y,63.422761371449106
421,4351714.057,1093647.572,42.144,4.237169815,y,40.00446636312305
422,4351713.115,1093651.738,5.312,4.225657913,y,4.271173140879589
426,4351826.423,1093628.645,144.752,6.802178151,y,115.63731885960614
427,4351886.083,1093618.088,74.285,6.991305316,y,60.58684551045123
428,4351930.815,1093708.916,121.228,1.835844073,y,101.24562908128726
430,4351930.815,1093708.991,0.084,1.50600664,y,0.07499999995343387
432,4352057.012,1093788.576,172.185,0.223920694,y,149.1960288811903
433,4352062.898,1093788.904,0.0,1.014154283,m,5.895131889910321
433,4352090.668,1093788.197,0.0,1.583001359,m,27.778998343630235
433,4352102.922,1093815.018,0.0,0.8413410302,m,29.48773570513458
433,4352106.559,1093834.376,83.747,1.027889743,y,19.69669853049102
434,4352104.8,1093839.939,0.0,1.13164899,m,5.834470841715233
434,4352111.638,1093861.507,0.0,1.088514717,m,22.626021921781344
434,4352111.705,1093861.473,28.695,1.189241046,y,0.07513321484555881
436,4352109.042,1093972.686,112.224,1.894098906,y,111.24487825511774
437,4352124.876,1094039.117,69.543,5.537217115,y,68.29197110207572
439,4352130.795,1094051.559,0.0,5.49806451,m,13.778168419363917
439,4352132.454,1094056.159,19.148,4.662972191,y,4.890018507204996
441,4352133.943,1094070.938,0.0,12.09335915,m,14.853819778193097
441,4352128.684,1094071.183,0.0,12.57110146,m,5.264703789945422
441,4352120.277,1094072.484,0.0,13.59077596,m,8.507070589212159
441,4352115.527,1094072.295,34.375,11.88187135,y,4.753758618188868
443,4352088.59,1094067.978,0.0,11.47449945,m,27.280734190925333
443,4352053.114,1094064.34,66.608,11.89831915,y,35.66204733303686
448,4352034.66,1094069.769,0.0,11.18823358,m,19.236011982652244
448,4351989.495,1094059.477,67.456,12.30820175,y,46.32280743873462
449,4351987.44,1094063.303,8.27,10.90209618,y,4.342959935305996
455,4351986.064,1094085.868,22.841,13.88963348,y,22.606914893411027
456,4351998.769,1094089.827,0.0,17.95641617,m,13.307543199334125
456,4351998.468,1094093.371,18.569,15.95001579,y,3.556759339616182
460,4351995.414,1094098.084,0.0,10.22820063,m,5.6159847758662655
460,4351975.697,1094122.854,40.664,4.670277638,y,31.659327046037696
461,4351978.732,1094128.396,0.0,3.306141263,m,6.318622397310164
461,4351978.618,1094133.373,17.566,9.250994246,y,4.978305434539811
464,4351969.024,1094134.994,0.0,9.359560343,m,9.729978262667911
464,4351971.21,1094139.405,15.539,12.31811253,y,4.922958155380933
474,4351976.111,1094143.1,15.122,16.01715288,y,6.137819319319457
477,4351979.919,1094145.437,11.166,13.94828827,y,4.467933862609984
501,4351972.191,1094135.484,0.0,8.844150698,m,12.600960003167799
501,4351967.78,1094133.561,19.096,9.444964765,y,4.811948669131689
502,4351966.272,1094130.734,3.761,14.35763497,y,3.204058832390541
535,4352045.14,1094113.127,84.949,5.775480295,y,80.80945410631364
536,4352115.338,1094105.172,72.446,8.45925125,y,70.64730164070008
537,4352130.645,1094104.832,15.452,8.521694464,y,15.31077558363579
538,4352121.025,1094089.902,0.0,15.90936488,i,17.760892432034066
538,4352119.561,1094022.905,91.539,2.56891231,y,67.01299355347675
539,4352077.827,1093933.438,99.417,1.002462612,y,98.72219023605908
541,4352020.862,1093843.818,106.716,2.068606071,y,106.19206950146068
542,4351952.624,1093732.292,133.67,0.2493736879,y,130.7458348093795
543,4351909.269,1093634.489,142.961,5.122582455,y,106.98169391969205
548,4351901.503,1093623.536,15.772,12.16204953,y,13.426800252158175
551,4351901.05,1093623.555,0.453,10.4064562,y,0.45339827940230587
555,4351781.213,1093629.873,0.0,3.001775717,i,120.00343200444749
555,4351734.34,1093637.354,219.887,8.062102181,y,47.46623526317154
556,4351722.502,1093663.37,0.0,7.966724168,m,28.5826958139345
556,4351717.375,1093662.918,43.824,3.203379049,y,5.146885757757336
557,4351714.283,1093662.239,6.047,2.276055355,y,3.165676073307382
565,4351714.133,1093661.221,1.038,4.401397193,y,1.0289917395931412
592,4351708.779,1093678.15,0.0,6.42137587,m,17.755459920913278
592,4351707.969,1093698.849,39.583,5.869370021,y,20.71484252901214
593,4351703.878,1093697.002,5.277,5.765204751,y,4.488617827294895
606,4351585.198,1093827.53,208.5,7.931175635,y,176.41570560443805
609,4351585.575,1093834.166,12.206,5.372707308,y,6.64670030913506
629,4351587.384,1093791.637,0.0,6.276932817,m,42.567456137128495
629,4351608.44,1093769.298,0.0,7.565778683,m,30.69830707124411
629,4351652.455,1093760.72,0.0,4.491734019,m,44.843085408679606
629,4351713.944,1093714.496,205.442,12.7643016,y,76.92564784908078
632,4351713.956,1093714.144,0.0,13.13865768,i,0.35220448601775667
632,4351714.154,1093704.438,0.0,7.433070285,i,9.70801936545516
632,4351708.631,1093698.533,0.0,6.169138593,m,8.085329554249707
632,4351703.836,1093697.077,23.319,6.145764084,y,5.011183592655708
641,4351732.229,1093622.424,0.0,5.125909052,m,79.87009989976771
641,4351736.074,1093620.388,103.517,5.158866298,y,4.350783952154004
645,4351798.166,1093628.607,65.976,8.191312298,y,62.63360459867274
646,4351899.523,1093636.035,141.959,2.88001536,y,101.62881792565484
647,4351921.22,1093688.895,70.987,3.82151117,y,57.139648310062036
648,4352038.045,1093767.324,150.016,1.592459634,y,140.70958981549234
652,4352066.776,1093769.566,0.0,1.415306765,m,28.818343550280172
652,4352069.219,1093773.855,36.472,1.22558978,y,4.9359669770742896
654,4352067.803,1093771.362,0.0,1.475225136,m,2.8670725484395714
654,4352074.33,1093767.743,10.338,0.6061445047,y,7.463168897767721
658,4352076.84,1093766.368,0.0,0.8934226934,m,2.861944269002795
658,4352086.085,1093776.453,17.851,0.9736688203,y,13.681273698063167
663,4352088.833,1093777.262,0.0,0.5829129572,m,2.8646090480901916
663,4352087.053,1093779.507,0.0,0.9447529858,m,2.8650349032898745
663,4352087.335,1093782.105,8.425,0.6296476602,y,2.6132600329467834
667,4352087.061,1093779.253,0.0,0.8539620432,m,2.8651317595983845
667,4352094.181,1093779.613,10.003,0.669879849,y,7.1290953143787865
670,4352097.04,1093779.872,0.0,0.9031027484,m,2.870707578458729
670,4352096.628,1093784.922,7.979,0.2673552057,y,5.066778463764054
674,4352096.765,1093782.072,0.0,1.21252889,m,2.853290907103486
674,4352101.819,1093779.843,8.394,0.6349830758,y,5.52370862771841
678,4352104.462,1093778.727,0.0,0.2808719225,m,2.8689553850089977
678,4352109.458,1093791.695,0.0,0.982627128,m,13.897087464512088
678,4352111.312,1093796.282,21.786,0.6090303695,y,4.947513011548686
681,4352110.255,1093793.643,0.0,0.6365280993,m,2.8428102293128963
681,4352116.706,1093799.878,15.834,0.903807525,y,8.971656814981026
684,4352116.233,1093802.716,0.0,0.6643537058,m,2.877146676858005
684,4352108.119,1093817.635,20.644,1.191548947,y,16.982742917467736
686,4352108.05,1093818.031,0.402,1.202302434,y,0.401966416481124
693,4352107.549,1093820.859,0.0,1.02790839,m,2.8720349928314515
693,4352107.557,1093820.861,0.0,0.8234679924,i,0.008246211642909338
693,4352108.115,1093865.717,47.779,0.7662575659,y,44.85947057191338
694,4352127.025,1094046.356,184.649,5.534029483,y,181.62608959341034
695,4352128.156,1094056.272,10.105,6.447288381,y,9.98029142881647
698,4352118.378,1094085.642,0.0,12.84092111,i,30.954905653382145
698,4352119.108,1094090.242,44.15,17.36191052,y,4.657563741003389
700,4352125.857,1094098.8,12.869,20.33445677,y,10.89900752349121
702,4352122.04,1094105.077,8.497,10.52297127,y,7.34644254034186
706,4352121.974,1094105.322,1.35,10.73257387,y,0.2537341125932181
707,4352113.529,1094129.225,0.0,8.19758682,m,25.350965149535405
707,4352108.628,1094130.394,36.013,8.925301375,y,5.038488067391361
708,4351961.597,1094215.336,185.638,9.505865997,y,169.803587491013
709,4351798.129,1094309.967,202.282,6.451349791,y,188.8830674918266
713,4351751.079,1094450.403,173.228,4.398041151,y,148.10797613896023
714,4351669.005,1094538.076,159.436,2.352755927,y,120.09453112026033
715,4351626.366,1094721.053,190.753,1.33929169,y,187.879394426388
716,4351580.448,1094891.19,182.046,3.822425566,y,176.22446337839943
717,4351488.911,1095062.607,216.521,5.985906749,y,194.32655571990705
718,4351301.315,1095122.019,198.891,6.680480723,y,196.77917816670794
719,4351091.589,1095137.739,216.478,8.122242732,y,210.31432066386316
721,4351060.599,1095066.98,134.402,9.490070399,y,77.24775842033995
726,4351060.599,1095066.98,0.0,9.567186664,y,0.0
727,4351060.599,1095066.98,0.0,9.455582916,y,0.0
731,4351003.898,1095076.743,0.0,2.068050701,m,57.53537668287574
731,4350888.271,1094977.257,287.519,3.498006773,y,152.53546251636857
732,4350749.987,1094825.481,291.459,1.543011373,y,205.32515391938068
736,4350737.772,1094815.264,0.0,4.538719071,m,15.924613464547761
736,4350732.909,1094816.206,0.0,3.434566047,i,4.953396107627492
736,4350732.909,1094816.206,21.395,3.446940451,y,0.0
753,4350470.025,1094826.687,328.667,7.493204789,y,263.0928520822914
755,4350374.116,1094883.99,0.0,7.368175252,m,111.7236326387818
755,4350360.921,1094883.462,130.694,9.142044517,y,13.205559776389414
759,4350502.447,1095021.93,218.828,1.83174138,y,197.9974638722784
762,4350342.825,1095036.67,217.686,5.301470573,y,160.30112439980806
763,4350151.307,1095129.483,219.219,14.28815685,y,212.82245486103
764,4350020.865,1095219.355,166.318,1.062062122,y,158.40483498916558
765,4349918.772,1095340.78,166.803,1.397103403,y,158.64113991673563
766,4349904.566,1095387.826,0.0,3.530825551,i,49.14403882459478
766,4349905.408,1095390.069,57.25,2.047135161,y,2.3958324232667705
768,4349896.077,1095471.589,100.53,1.695051595,y,82.0522879693643
770,4349890.723,1095570.053,114.324,2.834859684,y,98.60945498289269
775,4349890.46,1095569.035,2.461,4.395543133,y,1.0514242723371194
784,4349873.061,1095562.174,0.0,8.652686021,m,18.702901432786426
784,4349869.536,1095558.028,25.378,11.13931334,y,5.441961135250244
793,4349872.25,1095548.151,20.991,13.60751825,y,10.243091574108798
795,4349870.29,1095552.976,7.431,18.27558605,y,5.2079002486035195
797,4349868.65,1095554.427,2.927,15.09282146,y,2.1897490720548687
816,4349868.991,1095577.319,0.0,9.35725975,i,22.894539632839727
816,4349864.861,1095600.398,48.655,4.331477734,y,23.445620934694603
818,4349845.86,1095583.435,0.0,5.828042264,m,25.47118705460069
818,4349844.805,1095576.423,39.194,4.103957075,y,7.090921590512694
821,4349850.045,1095574.916,0.0,5.239483357,m,5.4523984632720985
821,4349844.955,1095573.521,10.971,9.527032645,y,5.2777007302929775
836,4349760.771,1095545.135,150.83,4.019879179,y,88.8409300494813
838,4349710.893,1095471.551,100.146,2.328589527,y,88.8955563566639
843,4349706.181,1095481.126,0.0,1.564171474,m,10.671624478112346
843,4349711.93,1095481.88,17.863,6.361766418,y,5.798233955097942
848,4349707.5,1095478.073,0.0,0.9969640688,m,5.841074301514547
848,4349712.891,1095480.297,14.243,4.348017092,y,5.8317284742893785
854,4349662.109,1095464.539,63.915,3.324842379,y,53.170725855140354
856,4349653.061,1095463.635,0.0,1.006551194,m,9.093047894283048
856,4349648.839,1095460.958,15.07,4.932971378,y,4.999161229654186
866,4349552.515,1095457.339,119.993,3.089842102,y,96.39196095632464
868,4349472.025,1095463.71,95.425,6.719691609,y,80.74174719986311
870,4349416.379,1095548.226,128.43,1.225858605,y,101.19007645062104
871,4349416.54,1095565.242,0.0,2.029805411,i,17.01676164850976
871,4349412.873,1095618.493,73.673,3.595912682,y,53.37711016901662
872,4349412.911,1095621.961,10.854,4.723172988,y,3.4682081827935334
884,4349395.267,1095579.703,108.78,1.480453298,y,45.79355085603282
885,4349389.914,1095444.258,138.213,0.8026174089,y,135.55073822749523
886,4349389.084,1095443.429,4.351,0.9249142638,y,1.1730903630903473
896,4349292.044,1095551.393,169.856,1.623360484,y,145.165377745487
897,4349292.079,1095551.419,0.047,1.621185506,y,0.04360045887500956
899,4349297.883,1095553.268,6.214,2.104090682,y,6.0914051749318805
903,4349285.032,1095544.683,16.64,3.720415707,y,15.454786508326
905,4349258.868,1095550.714,127.433,5.1790037,y,26.850099757596393
907,4349251.969,1095546.078,0.0,8.079400009,m,8.311961080414527
907,4349255.475,1095542.421,0.0,2.644603095,m,5.066131166833516
907,4349255.927,1095537.294,21.343,3.457168295,y,5.146885757566299
909,4348981.092,1095587.148,0.0,6.637240948,m,279.3200646945803
909,4348861.62,1095591.332,473.956,2.249211078,y,119.54524097602179
911,4348866.022,1095600.257,0.0,1.182453027,m,9.951544050990167
911,4348861.055,1095600.474,20.862,0.2780323397,y,4.971737925690864
925,4348853.025,1095599.117,9.531,6.325871871,y,8.14385344838709
926,4348855.136,1095706.551,124.454,2.417772229,y,107.45473780608728
927,4348801.413,1095872.865,186.898,3.156603576,y,174.77559133079527
929,4348772.799,1095810.893,79.084,1.325535058,y,68.25899047020636
931,4348709.274,1095820.279,91.804,5.640115532,y,64.2146604828855
932,4348649.142,1095912.181,178.206,2.606372109,y,109.82638584614503
933,4348655.796,1095912.968,10.745,1.750287291,y,6.700379466963537
950,4348665.789,1095968.338,0.0,2.796182129,i,56.264526559656346
950,4348729.406,1096119.654,298.009,6.292896285,y,164.14522394849888
952,4348692.95,1096245.251,165.064,5.135456408,y,130.78090971153145
957,4348700.49,1096245.93,27.826,7.801613653,y,7.570511277355502
958,4348661.96,1096315.965,105.37,4.832745824,y,79.93411114812604
959,4348913.307,1096374.579,292.139,2.203845547,y,258.0909053124759
960,4348953.42,1096375.031,41.083,3.444263922,y,40.11554652490323
991,4348946.323,1096377.406,10.574,6.379812041,y,7.483851548564535
993,4348901.47,1096436.622,84.974,0.5403282147,y,74.28543777223405
994,4348895.513,1096561.914,144.854,8.513861796,y,125.43353264987333
997,4348868.729,1096510.06,0.0,2.606913784,i,58.36283039747487
997,4348788.218,1096490.184,160.545,6.377768346,y,82.92814056155437
998,4348769.519,1096465.495,79.079,10.92869248,y,30.970943188575692
999,4348646.427,1096314.344,226.551,3.520193471,y,194.93143734417345
1000,4348633.496,1096308.992,14.098,8.338063584,y,13.994808501585618
1001,4348617.964,1096298.588,136.402,8.51281195,y,18.69455107833027
1002,4348526.277,1096239.484,128.485,5.269637401,y,109.08615303965448
1004,4348520.04,1096243.725,7.741,7.009144708,y,7.542297395221533
1006,4348503.713,1096276.858,49.167,9.756387649,y,36.937333660954714
1007,4348382.319,1096148.716,207.204,3.458517712,y,176.51310263001972
1018,4348234.854,1096149.772,181.067,8.057655778,y,147.46878097060497
1019,4348262.356,1096146.926,108.504,4.66125218,y,27.648864713900625
1021,4348233.93,1096134.251,47.159,5.507035226,y,31.123834934016564
1041,4348107.088,1096142.308,202.477,1.597624656,y,127.09763260112118
1042,4348042.055,1096162.324,165.485,9.119633181,y,68.04359885470738
1043,4348030.896,1096167.262,0.0,3.150048419,m,12.202750714510103
1043,4348027.993,1096167.29,15.361,5.750889978,y,2.903135029516698
1045,4347984.75,1096151.9,0.0,3.997926592,i,45.899990729686714
1045,4347875.137,1096172.878,197.803,0.3171697526,y,111.60235773935126
1046,4347754.478,1096055.422,206.651,5.82436606,y,168.38796339702466
1047,4347670.482,1096043.398,93.779,5.01510777,y,84.85225154376123
1049,4347630.783,1096066.938,66.061,7.042391297,y,46.15346358620909
1052,4347576.55,1096077.669,0.0,5.40642676,i,55.28447024254577
1052,4347530.821,1096079.434,119.556,7.140952809,y,45.763049132901486
1055,4347530.835,1096079.426,0.016,7.102583232,y,0.016124515020669746
1059,4347528.126,1096078.802,2.781,12.28966326,y,2.779938308487455
1063,4347549.332,1096086.841,22.695,4.127491898,y,22.678623349132522
1066,4347540.981,1096094.153,16.282,2.90087547,y,11.099754277049204
1068,4347541.076,1096097.068,3.531,8.524216221,y,2.9165476166770516
1084,4347540.303,1096097.791,5.53,9.219092761,y,1.058422410980804
1092,4347539.049,1096095.837,2.445,9.92735634,y,2.3217734603735503
1096,4347502.735,1096114.942,52.053,13.212534,y,41.033006481971384
1100,4347486.505,1096106.498,33.22,8.888875372,y,18.295191609184517
1101,4347450.991,1096039.1,92.764,1.207590471,y,76.18224596281725
1102,4347437.457,1096037.272,33.847,3.198803237,y,13.656893497407152
1103,4347393.291,1096040.42,52.452,8.059414141,y,44.27804715676364
1106,4347392.339,1096040.721,0.999,10.55381245,y,0.9984513012487748
1108,4347369.785,1096036.594,0.0,4.805810425,m,22.928476726072
1108,4347364.412,1096024.588,56.591,4.473813588,y,13.153446886947068
1109,4347334.516,1096047.789,41.164,6.820156087,y,37.842531852249486
1110,4347315.892,1096046.3,23.942,5.214819308,y,18.68342840578442
1114,4347292.009,1096056.365,29.566,3.18692952,y,25.917212697684626
1115,4347264.3,1096017.69,51.252,7.18895478,y,47.576720210544714
1116,4347214.252,1096018.387,54.543,12.92591277,y,50.05285319488556
1117,4347219.813,1095961.222,64.282,8.229416359,y,57.43484957759988
1118,4347216.741,1095927.485,53.425,3.811330069,y,33.87657528434265
1120,4347186.335,1095915.31,0.0,3.937390996,m,32.75294583738934
1120,4347168.277,1095902.644,56.974,7.073899721,y,22.057173889829905
1122,4347150.671,1095950.008,70.97,7.827420174,y,50.530384245247035
1124,4347147.768,1095960.374,34.469,10.87294931,y,10.764820713918827
1129,4347147.442,1095960.21,2.537,12.07147883,y,0.3649273903986101
1131,4347138.924,1095952.734,15.121,8.837505094,y,11.333441666282468
1134,4347118.404,1095980.475,0.0,4.53350091,m,34.505557247930824
1134,4347118.079,1095985.498,58.139,5.905436606,y,5.033503153692381
1136,4347087.674,1095991.228,0.0,5.964147075,m,30.94021533563792
1136,4347082.141,1095992.622,38.681,4.096420801,y,5.70590264535466
1137,4347056.788,1095992.33,0.0,6.693832577,m,25.354681481059586
1137,4347049.993,1095989.305,34.043,8.829568763,y,7.437919736043987
1138,4347026.053,1095984.367,0.0,8.931470475,m,24.443965389714055
1138,4347023.339,1095983.161,28.134,12.30720953,y,2.969887540525759
1140,4346990.935,1095983.048,0.0,4.669351078,m,32.40419702764298
1140,4346979.154,1095981.898,46.692,3.573705339,y,11.836995437519116
1142,4346914.875,1095989.362,70.434,15.75000756,y,64.71090431303874
1143,4346882.924,1095977.356,41.299,7.594691884,y,34.13224922303875
1144,4346853.518,1095996.731,0.0,3.887305746,m,35.215102739736594
1144,4346849.145,1095999.502,52.112,2.751605944,y,5.177023276583737
1145,4346822.623,1096001.16,0.0,11.56566778,m,26.573773687473967
1145,4346815.761,1096005.533,0.0,11.05492976,m,8.136963376931499
1145,4346811.237,1096007.927,42.253,14.49315934,y,5.118379821895981
1148,4346783.509,1096019.367,0.0,14.41240517,m,29.9952593589497
1148,4346779.588,1096022.712,39.445,14.36281608,y,5.153956343743201
1150,4346774.941,1096031.288,16.461,14.55202175,y,9.754095806663322
1154,4346775.349,1096031.309,0.408,17.88214516,y,0.40854008446165335
1156,4346760.521,1096036.65,16.849,15.6963061,y,15.760579463340363
1157,4346750.691,1096045.942,14.196,14.18360621,y,13.526646443369565
1158,4346731.058,1096065.383,0.0,10.51090813,m,27.629823922231186
1158,4346727.524,1096069.124,33.542,11.44183078,y,5.146283804946186
1159,4346721.727,1096079.971,0.0,11.18422046,m,12.298886860173186
1159,4346721.902,1096084.904,22.141,6.208397379,y,4.936103119045023
1162,4346799.493,1096231.342,200.053,4.208922432,y,165.72402096545366
1168,4346794.851,1096257.511,0.0,1.952958703,i,26.577522928212073
1168,4346787.147,1096349.136,128.866,5.265130116,y,91.94831287739119
1170,4346729.439,1096327.196,0.0,1.896902007,i,61.737969386394724
1170,4346670.464,1096314.985,128.801,1.344895039,y,60.22590095684179
1171,4346478.947,1096297.457,193.911,0.3642571888,y,192.31742529735303
1174,4346364.018,1096285.603,120.175,2.993351398,y,115.53870501652256
1175,4346230.88,1096297.759,139.235,6.081789094,y,133.69179249331683
1176,4346225.658,1096320.79,0.0,4.814641471,m,23.615593259514206
1176,4346225.027,1096325.643,30.012,2.615569771,y,4.893850222367151
1177,4346227.92,1096344.989,0.0,1.356020467,m,19.561113593202364
1177,4346226.544,1096351.473,30.985,2.346973081,y,6.628395884348941
1182,4346312.143,1096414.854,114.764,10.11258955,y,106.50981157655953
1183,4346310.116,1096424.721,16.212,14.30503998,y,10.073054055059956
1185,4346303.443,1096427.896,0.0,13.23405196,m,7.38982773857849
1185,4346302.586,1096431.911,12.857,14.80409447,y,4.105444434014278
1189,4346298.33,1096427.42,0.0,10.42659546,m,6.187294804826464
1189,4346299.612,1096430.671,10.72,12.22523791,y,3.494642327933863
1195,4346299.499,1096430.337,0.353,12.41078105,y,0.35259750424184594
1204,4346299.249,1096439.515,16.023,12.33239033,y,9.181404249735419
1206,4346306.466,1096435.335,0.0,10.89336721,m,8.34011324875364
1206,4346315.894,1096436.396,23.815,10.27130829,y,9.487513109647457
1210,4346307.397,1096434.535,0.0,8.346613004,m,8.69840962518983
1210,4346302.736,1096432.795,14.816,17.01038714,y,4.975190549404583
1219,4346218.797,1096343.934,132.516,1.060930275,y,122.23760895031809
1220,4346220.192,1096303.093,41.009,3.777581319,y,40.864817459288275
1224,4346223.502,1096274.685,0.0,0.836192156,i,28.600184684832396
1224,4346192.953,1096166.932,163.364,3.515928033,y,111.99977861603622
1226,4346072.369,1096190.274,131.564,3.698812124,y,122.82243288564578
1227,4346067.261,1096169.731,22.988,6.152726305,y,21.168526472163293
1230,4346069.334,1096101.975,75.852,8.700339396,y,67.78770437900172
1231,4346072.143,1096104.736,7.782,7.455596644,y,3.93873101413133
1244,4346063.076,1096056.732,83.979,7.881955017,y,48.852784004520906
1245,4346048.863,1096053.5,36.389,10.92348486,y,14.575842789129307
1246,4346006.384,1096009.199,96.002,13.8345733,y,61.376249820448244
1247,4345965.508,1095949.716,81.698,16.60355259,y,72.173919561973
1250,4345947.563,1095924.96,48.206,15.86993734,y,30.57584930976208
1251,4345932.03,1095898.385,31.491,17.21981652,y,30.781564515014015
1252,4345919.778,1095858.277,50.837,17.76421437,y,41.93761042320641
1253,4345919.273,1095855.189,3.158,16.63548412,y,3.1290204537231934
1254,4345926.403,1095859.462,0.0,17.86381893,m,8.312366028922714
1254,4345927.728,1095854.587,17.606,18.82910838,y,5.051856094594699
1264,4345913.293,1095825.218,36.294,17.69429141,y,32.7247213282557
1265,4346011.427,1095780.039,121.603,13.62522443,y,108.03436488963632
1266,4346023.566,1095766.555,0.0,12.76764758,i,18.143141320964848
1266,4346044.829,1095645.012,149.075,10.42099882,y,123.3888812574707
1268,4346025.621,1095482.785,165.899,13.14088272,y,163.3601750520824
1270,4346032.218,1095393.556,91.321,13.24126402,y,89.47253684772947
1271,4346040.126,1095313.326,81.706,11.6177986,y,80.61879039052586
1274,4345965.583,1095191.026,154.965,15.23460334,y,143.22691384315067
1278,4345987.355,1095039.78,179.827,10.77564607,y,152.80501464300286
1279,4345987.355,1095039.78,0.0,10.77564607,y,0.0
1280,4345962.794,1095017.915,0.0,14.66663301,m,32.88344486262447
1280,4345960.23,1095013.938,44.663,16.2522314,y,4.731873307277935
1281,4345960.211,1095007.661,0.0,15.60862268,m,6.277028755712018
1281,4345955.235,1095006.323,14.084,18.27123517,y,5.152748780786227
1283,4346026.281,1094913.32,146.395,13.68793602,y,117.03457662168712
1284,4346000.503,1094899.164,29.823,14.46280874,y,29.409141776723068
1285,4345966.149,1094910.03,38.895,14.94700732,y,36.03147612787691
1286,4345946.761,1094908.673,21.532,14.93442414,y,19.43543138215892
1288,4345908.769,1094906.6,60.63,13.57300693,y,38.04851367623367
1292,4345844.396,1094886.987,68.448,14.76398626,y,67.29452353708093
1293,4345737.384,1094835.15,125.631,13.71404467,y,118.90602471291483
1294,4345723.548,1094843.689,20.297,18.28429985,y,16.258825817984107
1295,4345713.897,1094822.446,36.49,17.0197926,y,23.332527724425113
1298,4345628.656,1094757.226,121.255,11.05305003,y,107.32975580380136
1299,4345618.1,1094744.464,17.059,11.30015739,y,16.561937689156213
1301,4345621.404,1094747.815,0.0,10.97429789,m,4.705912982967704
1301,4345619.005,1094767.339,0.0,17.55843342,m,19.670835696534485
1301,4345619.985,1094772.098,31.929,16.87210342,y,4.858855935466783
1302,4345620.424,1094772.668,7.602,17.70197593,y,0.7194588240285134
1305,4345529.467,1094667.745,174.724,9.472845402,y,138.85968377428205
1307,4345514.057,1094680.45,0.0,12.39522349,m,19.972108676866583
1307,4345510.54,1094676.845,27.358,17.34295712,y,5.036398911902561
1308,4345514.471,1094683.204,0.0,12.00054897,m,7.475937533056565
1308,4345508.667,1094682.78,13.448,18.36505231,y,5.819466641758361
1311,4345545.867,1094728.216,61.954,7.922532554,y,58.721972854659626
1313,4345547.813,1094732.829,10.722,9.417743546,y,5.006664059115161
1318,4345509.995,1094647.953,98.125,9.654824022,y,92.92005434773512
1320,4345505.315,1094671.039,0.0,12.62939739,m,23.555589485365434
1320,4345503.774,1094675.785,28.987,14.14407696,y,4.989909518099162
1321,4345501.498,1094679.852,7.076,20.09660439,y,4.660543423546233
1322,4345493.313,1094561.45,123.207,5.971849435,y,118.6845728348623
1324,4345493.84,1094541.996,0.0,5.999576965,m,19.461136785816958
1324,4345405.98,1094501.148,117.774,9.83811856,y,96.89137579730773
1326,4345396.23,1094500.539,0.0,9.092993251,i,9.769001023642343
1326,4345315.104,1094480.62,95.437,10.61723579,y,83.53558784749391
1327,4345306.819,1094483.372,9.082,11.52731294,y,8.730104753192283
1332,4345264.453,1094510.008,77.088,2.026240873,y,50.04352557553927
1333,4345264.128,1094513.811,10.427,2.268031634,y,3.8168618000490397
1338,4345152.521,1094398.715,172.367,10.02795058,y,160.3222120136283
1339,4345127.884,1094382.862,29.303,7.309157703,y,29.296746884405433
1342,4345084.793,1094375.623,44.217,7.879246482,y,43.69482122634383
1343,4345084.793,1094375.623,0.0,7.879246482,y,0.0
1347,4344926.377,1094334.02,173.481,9.208878838,y,163.78778545654498
1348,4344776.273,1094297.978,165.171,11.78420066,y,154.3704524191548
1349,4344586.302,1094216.015,212.872,11.03014173,y,206.8983185285984
1351,4344454.577,1094174.317,139.866,11.07835872,y,138.1672856689868
1354,4344241.382,1094064.378,246.523,9.064217072,y,239.87224046507097
1358,4344173.371,1094148.076,110.128,1.492777916,y,107.84642472037817
1359,4344038.122,1094136.954,151.389,12.48777764,y,135.70553004559204
1362,4344025.586,1094219.974,86.704,15.12652673,y,83.96113205532032
1363,4344028.305,1094238.344,0.0,14.48122099,m,18.570133575227633
1363,4344028.433,1094243.367,24.706,17.91752418,y,5.024630633248077
1380,4343901.477,1094210.85,135.556,12.06015994,y,131.05411563571764
1381,4343897.858,1094203.14,0.0,12.59572323,m,8.51711576783117
1381,4343901.986,1094200.727,16.389,13.36105253,y,4.781522037603939
1397,4344022.749,1094244.63,138.557,13.57271944,y,128.49581930187026
1400,4344028.781,1094243.688,10.703,16.7318264,y,6.105111629342732
1403,4344026.557,1094239.475,0.0,14.10639992,m,4.763984152121233
1403,4344024.606,1094243.971,11.814,11.50391962,y,4.901062843879683
1407,4344039.373,1094142.61,106.182,10.21947164,y,102.43103343205797
1408,4344036.378,1094136.932,10.847,11.83664741,y,6.419478873046812
1411,4344039.255,1094134.215,9.981,12.95613623,y,3.9571729810045935
1415,4344024.399,1094240.493,109.54,11.39601425,y,107.3112949319699
1416,4344023.079,1094247.807,17.999,13.23864996,y,7.432159578546299
1429,4343853.296,1094223.442,177.932,14.60714279,y,171.5223609735443
1431,4343717.029,1094294.34,158.346,16.93847987,y,153.60736210548083
1435,4343677.821,1094313.303,44.142,15.60401397,y,43.552986498872244
1445,4343673.414,1094314.585,6.449,16.17426276,y,4.58968114414347
1451,4343638.782,1094343.125,45.834,15.02722568,y,44.87657544885853
1452,4343636.473,1094349.572,7.102,11.38947757,y,6.848013580332184
1454,4343630.896,1094347.532,6.084,17.20998184,y,5.938394480487648
1461,4343634.918,1094347.527,4.137,12.03387326,y,4.022003107785966
1463,4343634.706,1094349.963,2.465,10.38927019,y,2.4452075575837724
1468,4343670.375,1094282.049,82.071,16.14854545,y,76.71107453924621
1470,4343623.042,1094263.387,51.669,15.39878911,y,50.879103106932384
1472,4343608.575,1094263.594,14.479,15.13234214,y,14.46848084648653
1477,4343641.577,1094340.076,92.554,14.36951713,y,83.2984293245451
1478,4343645.488,1094343.111,9.148,13.46027535,y,4.9504692710239295
1502,4343518.292,1094257.807,166.752,12.07832781,y,153.15219499530926
1503,4343423.551,1094240.841,96.499,13.16595921,y,96.24812848608494
1509,4343508.377,1094049.523,228.352,10.20074535,y,209.27978258792226
1510,4343523.532,1093861.388,191.225,12.89125315,y,188.74440985094944
1511,4343529.904,1093850.152,0.0,13.44525562,m,12.917046102199818
1511,4343461.101,1093776.857,114.597,8.964035428,y,100.52865180649302
1512,4343365.945,1093765.395,96.182,6.321511668,y,95.84384059450511
1518,4343457.105,1093773.615,92.631,8.659251106,y,91.52985305367156
1519,4343591.148,1093796.633,136.657,16.84113885,y,136.00497848567392
1520,4343606.058,1093867.137,73.894,20.23972363,y,72.0633201846212
1523,4343537.934,1093851.849,91.552,13.58054344,y,69.81835231501114
1524,4343532.423,1093849.654,8.422,13.23132446,y,5.932043998370807
1540,4343519.272,1094247.722,405.493,11.45557541,y,398.2851760045688
1542,4343516.596,1094255.601,9.96,12.13516954,y,8.321034611104876
1549,4343606.058,1094266.233,96.168,14.88423272,y,90.09155825076861
1551,4343605.568,1094265.291,4.537,14.43956897,y,1.0618210773443617
1556,4343457.218,1094217.127,158.487,9.490343992,y,155.97273286019345
1558,4343447.51,1094196.467,23.255,6.723558428,y,22.827195710755873
1560,4343457.548,1094179.322,27.401,13.89234185,y,19.867371970482218
1563,4343452.927,1094181.794,11.284,14.82690636,y,5.240651200268844
1570,4343455.262,1094183.229,0.0,12.96562959,m,2.740702464695211
1570,4343457.364,1094179.326,12.943,14.10328877,y,4.433036544075191
1576,4343438.387,1094167.369,0.0,13.85375817,i,22.429810030332153
1576,4343511.299,1093973.27,274.643,12.15185069,y,207.34170237775672
1577,4343612.43,1093796.84,241.828,18.63196405,y,203.35934711979075
1578,4343648.188,1093796.557,38.066,20.67652949,y,35.75911985811739
1579,4343648.528,1093796.859,2.753,19.48074995,y,0.4547570778377674
1584,4343644.31,1093783.092,21.591,20.12089649,y,14.39867400154216
1590,4343656.181,1093779.553,16.264,20.5108481,y,12.387298414329434
1592,4343538.254,1093685.219,152.609,8.815432965,y,151.01549882392655
1593,4343515.898,1093663.313,31.381,11.09187965,y,31.29957782437137
1595,4343660.233,1093560.702,201.606,11.44210456,y,177.09209340339316
1597,4343816.501,1093412.166,232.171,9.277806247,y,215.59830964103753
1601,4343980.308,1093475.227,177.908,15.02136171,y,175.52613187217486
1606,4343997.443,1093472.362,0.0,14.85906853,m,17.37286533627331
1606,4344002.382,1093473.398,23.279,13.22198891,y,5.046485609074363
1608,4344005.671,1093474.737,6.624,12.28300845,y,3.551118415225313
1615,4344006.991,1093478.357,4.261,13.68168664,y,3.8531545519996877
1622,4343999.262,1093481.222,9.191,13.86356577,y,8.242916110474686
1627,4344007.17,1093465.82,0.0,13.42119581,m,17.313522691735187
1627,4344012.141,1093465.132,23.392,14.76101386,y,5.018384700194856
1629,4344017.028,1093469.157,7.216,15.34195601,y,6.3311447622266375
1635,4343999.206,1093481.147,22.356,13.84086069,y,21.47984599559484
1642,4344018.235,1093465.254,32.861,14.20922343,y,24.792948392812413
1646,4344022.91,1093504.372,0.0,15.22651772,m,39.39636466730871
1646,4344025.549,1093508.558,52.8,13.73698395,y,4.948425708976151
1647,4344026.519,1093511.316,0.0,15.51740758,m,2.923604624793261
1647,4344030.775,1093518.314,17.102,14.62471102,y,8.190576292246742
1661,4344032.881,1093554.802,0.0,17.33074998,m,36.54872610626858
1661,4344035.275,1093559.1,43.891,18.70401902,y,4.919760157072606
1662,4344034.623,1093562.751,5.491,17.01730524,y,3.7087605746030534
1668,4344030.949,1093527.749,0.0,15.43736308,m,35.19429328723306
1668,4344031.02,1093522.744,41.893,15.98522645,y,5.005503571184949
1669,4344029.738,1093518.134,6.089,14.88885514,y,4.784937198952469
1674,4343896.576,1093311.363,252.254,9.574048325,y,245.9397582436692
1675,4343881.838,1093286.548,0.0,10.34843167,i,28.861615841704914
1675,4343765.002,1093146.515,222.255,1.539253519,y,182.3729475142756
1676,4343742.816,1093138.352,24.853,12.55242853,y,23.640075402364353
1686,4343607.604,1092896.6,285.344,4.903029225,y,276.9951523903624
1687,4343543.664,1092669.868,254.759,11.99277867,y,235.57530308605578
1688,4343378.104,1092439.719,304.203,14.41775622,y,283.511332755594
1690,4343342.27,1092403.651,60.726,12.15088019,y,50.842661024480016
1698,4343197.35,1092351.199,155.113,12.22248211,y,154.12014373203615
1699,4343197.345,1092351.194,0.007,12.18054604,y,0.007071067818450922
1700,4343197.345,1092351.194,0.0,12.18054604,y,0.0
1701,4342939.085,1092333.57,259.592,10.51621836,y,258.86064393004733
1703,4342734.467,1092290.94,216.552,4.420491649,y,209.0115853820594
1704,4342731.978,1092307.777,0.0,3.627743475,m,17.01997914223872
1704,4342731.083,1092315.479,0.0,5.016319446,m,7.753826732756727
1704,4342729.264,1092320.202,30.28,4.751240011,y,5.061174764526725
1707,4342593.392,1092410.929,205.125,2.440922362,y,163.37866725221915
1709,4342445.853,1092297.483,238.815,7.582487423,y,186.11220120390223
1710,4342365.08,1092290.375,85.885,0.918643177,y,81.0851477954337
1756,4342214.204,1092416.962,200.238,5.116762185,y,196.9462767991923
1758,4342211.828,1092416.599,2.714,3.867114797,y,2.4035692211526216
1760,4342210.825,1092416.807,1.117,4.970334265,y,1.0243402750844255
1761,4342210.782,1092416.793,0.046,3.026459901,y,0.04522167671100301
1762,4342057.993,1092427.426,155.579,8.025613866,y,153.1585427260245
1765,4341946.117,1092256.852,206.054,3.358294815,y,203.9895312314931
1767,4341941.984,1092259.63,13.701,3.946976687,y,4.979856724351619
1775,4341923.167,1092279.647,0.0,8.641181974,m,27.472891693480914
1775,4341918.134,1092279.694,34.735,10.11850955,y,5.033219447585689
1779,4341906.645,1092280.825,0.0,9.113668313,m,11.544534724339806
1779,4341907.993,1092285.642,18.812,11.43846268,y,5.002058876202831
1781,4341898.785,1092296.861,17.722,9.675158791,y,14.513897649983488
1783,4341898.459,1092299.543,11.38,11.01561817,y,2.701740180029933
1790,4341894.772,1092293.554,0.0,10.03627349,m,7.032928977325848
1790,4341891.51,1092294.131,0.0,11.68683043,m,3.3126383745794516
1790,4341885.755,1092295.301,26.153,10.81652041,y,5.8727272198306055
1792,4341887.541,1092297.813,3.322,11.19329922,y,3.0821972684501895
1805,4341892.017,1092293.863,0.0,12.81462324,m,5.969679723369082
1805,4341893.959,1092295.296,10.451,10.36762817,y,2.4134732233448952
1812,4341898.492,1092291.742,11.578,9.191331154,y,5.760121960375956
1814,4341691.339,1092281.834,225.339,6.19426397,y,207.38981140107458
1815,4341491.245,1092453.256,268.01,7.130385923,y,263.482657721219
1817,4341419.879,1092530.331,105.418,6.542683064,y,105.04123752625975
1819,4341423.639,1092540.541,0.0,11.04636432,m,10.880335472978855
1819,4341418.352,1092539.457,20.429,9.317143385,y,5.39698295393924
1825,4341417.664,1092542.586,3.256,8.208377871,y,3.2037454642721968
1829,4341417.645,1092542.579,0.021,8.25261836,y,0.020248457026142894
1830,4341417.64,1092542.575,0.006,8.296860939,y,0.0064031241234015
1833,4341417.956,1092541.208,1.403,7.912615941,y,1.4030484667181922
1835,4341501.65,1092587.006,117.562,8.456430216,y,95.40514891774978
1840,4341516.556,1092581.854,0.0,7.558189488,m,15.771237744226521
1840,4341521.481,1092582.198,49.889,7.240092936,y,4.936999189608349
1842,4341530.986,1092581.911,0.0,7.747788766,m,9.509331942775049
1842,4341528.371,1092578.616,17.834,9.473995741,y,4.206572238455147
1849,4341514.242,1092625.656,50.177,5.219974231,y,49.11608943128547
1856,4341520.01,1092554.955,78.036,10.81287482,y,70.93589517998258
1859,4341544.45,1092526.004,0.0,10.35772916,m,37.88764971632345
1859,4341547.551,1092522.13,43.539,10.82985014,y,4.9622653092353035
1863,4341534.605,1092487.066,0.0,7.40346546,m,37.37757365015061
1863,4341538.842,1092493.849,57.561,9.852175048,y,7.997578258154234
1866,4341538.166,1092496.013,3.375,14.98588869,y,2.2671285804800063
1867,4341537.296,1092495.829,3.763,11.33744862,y,0.8892446233969512
1877,4341546.485,1092491.181,0.0,7.852701897,m,10.29765143140754
1877,4341548.644,1092486.628,17.621,6.806907559,y,5.038957233455861
1880,4341568.031,1092462.825,0.0,7.869191848,m,30.699162496841875
1880,4341571.924,1092459.667,49.511,10.09614701,y,5.012824851748573
1883,4341578.7,1092464.512,0.0,12.30577164,m,8.329958043667162
1883,4341579.03,1092460.553,13.463,13.43054129,y,3.9727296661489437
1890,4341394.997,1092321.975,238.987,9.743713656,y,230.37362516774465
1893,4341396.882,1092197.272,198.15,13.44642758,y,124.71724593653457
1896,4341463.762,1092099.661,135.565,10.31500788,m,118.32515252891753
1897,4341554.205,1091956.346,307.857,8.669459934,y,169.46718111199385
1900,4341458.578,1091874.137,139.531,4.139489122,y,126.10647410037924
1904,4341519.615,1091838.464,83.196,7.358116433,y,70.69708832810136
1906,4341522.626,1091840.467,0.0,5.216516458,m,3.616369726638238
1906,4341520.317,1091838.122,8.514,7.155720516,y,3.2909734124602843
1910,4341554.337,1092002.766,178.027,2.75136254,y,168.12200074963948
1913,4341548.771,1092002.158,6.355,5.003967747,y,5.59910885823766
1917,4341430.472,1092125.492,183.289,10.71514267,y,170.8974223238167
1921,4341420.143,1092181.415,59.433,12.33580691,y,56.86888578117859
1922,4341403.932,1092205.511,0.0,8.895834241,m,29.041586337516737
1922,4341404.007,1092205.492,43.485,11.35864095,y,0.07736924468042064
1927,4341399.492,1092207.755,6.793,6.76503873,y,5.050385530282681
1935,4341431.764,1092130.988,92.79,11.72548347,y,83.27457158731754
