drive_id,sol_start,sol_end,n_segments,n_intermediate,path_m,straight_m,seg_straight_sum_m,excess_m,detour_ratio,wander_ratio,tilt_mean,tilt_max,n_i_rows,n_m_rows,frac_i,flag_zero_distance,flag_short_drive,flag_single_segment,flag_dist_anomaly,flag_impossible
0,13,13,1,0,0.0,0.0,0.0,0.0,,,1.181965113,1.181965113,0,0,0.0,True,True,True,False,False
1,14,14,1,0,6.255,6.035145897152119,6.035145897152119,0.2198541028478811,1.03642896238045,1.0,1.006714395,1.006714395,0,0,0.0,False,False,True,False,False
2,15,15,1,0,36.393,35.4126204903898,35.4126204903898,0.9803795096102021,1.0276844666120164,1.0,2.391847235,2.391847235,0,0,0.0,False,False,True,False,False
3,16,16,1,0,27.431,27.42278855328661,27.42278855328661,0.00821144671339269,1.0002994387933029,1.0,1.922877922,1.922877922,0,0,0.0,False,False,True,False,False
4,20,20,1,0,23.422,21.626437362010556,21.62643736201056,1.7955626379894447,1.0830262797303623,1.0000000000000002,1.158302449,1.158302449,0,0,0.0,False,False,True,False,False
5,23,23,1,0,5.47,5.469027335889229,5.469027335889228,0.0009726641107707934,1.0001778495609974,0.9999999999999999,1.514467808,1.514467808,0,0,0.0,False,False,True,False,False
6,29,29,1,0,3.942,3.3666092735816804,3.3666092735816804,0.5753907264183198,1.1709110501576474,1.0,1.327131298,1.327131298,0,0,0.0,False,True,True,False,False
7,31,31,1,0,33.388,27.558561736378692,27.55856173637869,5.829438263621306,1.2115291182241255,0.9999999999999999,1.599702194,1.599702194,0,0,0.0,False,False,True,False,False
8,32,32,1,0,30.607,29.448589117565053,29.448589117565053,1.1584108824349464,1.039336719250295,1.0,0.9705630596,0.9705630596,0,0,0.0,False,False,True,False,False
9,33,33,1,0,12.959,10.161833692493508,10.161833692493508,2.797166307506492,1.2752619647350403,1.0,1.590039653,1.590039653,0,0,0.0,False,False,True,False,False
10,34,34,1,0,6.555,6.555051868666679,6.555051868666679,-5.1868666679055764e-05,0.9999920872225394,1.0,0.8800044738,0.8800044738,0,0,0.0,False,False,True,False,False
11,43,43,1,0,4.603,4.603214529102892,4.603214529102892,-0.00021452910289188054,0.9999533958060101,1.0,1.1170923,1.1170923,0,0,0.0,False,True,True,False,False
12,44,44,1,0,1.448,0.27957110070025126,0.2795711007002512,1.1684288992997487,5.179362231550918,0.9999999999999998,0.1210479028,0.1210479028,0,0,0.0,False,True,True,False,False
13,47,47,1,0,38.426,30.225836051595262,30.225836051595262,8.20016394840474,1.2712965138303247,1.0,2.355971431,2.355971431,0,0,0.0,False,False,True,False,False
14,48,48,1,0,17.17,17.163944448107312,17.163944448107316,0.006055551892689692,1.000352806542284,1.0000000000000002,1.285067707,1.285067707,0,0,0.0,False,False,True,False,False
15,49,49,1,0,12.126,12.118700342241585,12.118700342241585,0.007299657758414568,1.0006023465843916,1.0,0.1288933592,0.1288933592,0,0,0.0,False,False,True,False,False
16,52,52,1,0,11.522,7.2492292693135205,7.24922926931352,4.27277073068648,1.5894103458381994,0.9999999999999999,0.245592999,0.245592999,0,0,0.0,False,False,True,False,False
17,65,65,1,0,8.498,7.024522902390238,7.024522902390238,1.473477097609761,1.2097618753735404,1.0,1.60267525,1.60267525,0,0,0.0,False,False,True,False,False
18,66,66,1,0,9.207,9.106642465758194,9.106642465758194,0.10035753424180704,1.0110202563259907,1.0,1.127651406,1.127651406,0,0,0.0,False,False,True,False,False
19,72,72,1,0,19.467,19.325380617356206,19.32538061735621,0.1416193826437926,1.0073281548988797,1.0000000000000002,1.52572158,1.52572158,0,0,0.0,False,False,True,False,False
20,73,73,1,0,9.833,9.829401863620081,9.82940186362008,0.0035981363799191257,1.0003660585282648,0.9999999999999998,2.598597613,2.598597613,0,0,0.0,False,False,True,False,False
21,84,84,1,0,18.37,18.329116863266737,18.329116863266737,0.040883136733263825,1.0022305022679623,1.0,1.520498795,1.520498795,0,0,0.0,False,False,True,False,False
22,86,86,1,0,4.77,4.767518117724838,4.767518117724838,0.002481882275161773,1.0005205816137195,1.0,0.6799975822,0.6799975822,0,0,0.0,False,True,True,False,False
23,91,91,1,0,19.776,16.612556756796053,16.612556756796053,3.1634432432039468,1.19042482680517,1.0,1.228062157,1.228062157,0,0,0.0,False,False,True,False,False
24,99,99,1,0,16.432,7.417061952134082,7.417061952134082,9.014938047865916,2.215432486076523,1.0,1.209245596,1.209245596,0,0,0.0,False,False,True,False,False
25,102,102,1,0,47.574,46.668526288647705,46.668526288647705,0.9054737113522933,1.0194022349399225,1.0,2.728788842,2.728788842,0,0,0.0,False,False,True,False,False
26,103,103,1,0,24.19,24.14254197475945,24.14254197475945,0.04745802524055165,1.0019657426831925,1.0,0.535208413,0.535208413,0,0,0.0,False,False,True,False,False
27,104,104,1,0,38.819,38.774257027078605,38.774257027078605,0.04474297292139795,1.0011539350164762,1.0,1.597502753,1.597502753,0,0,0.0,False,False,True,False,False
28,105,105,1,0,26.57,26.357194027597057,26.35719402759706,0.2128059724029434,1.008073923657432,1.0000000000000002,1.655514454,1.655514454,0,0,0.0,False,False,True,False,False
29,107,107,1,0,9.221,7.785079639770605,7.785079639770605,1.435920360229395,1.1844451729040637,1.0,3.466778038,3.466778038,0,0,0.0,False,False,True,False,False
30,108,108,1,0,21.845,21.19485079011382,21.19485079011382,0.6501492098861803,1.0306748660948082,1.0,1.000739686,1.000739686,0,0,0.0,False,False,True,False,False
31,109,109,1,0,51.633,51.30502865170702,51.30502865170702,0.3279713482929836,1.006392577041901,1.0,1.671482961,1.671482961,0,0,0.0,False,False,True,False,False
32,110,110,1,0,56.895,54.758543625775516,54.75854362577552,2.136456374224487,1.0390159458736743,1.0000000000000002,0.6836189816,0.6836189816,0,0,0.0,False,False,True,False,False
33,113,113,1,0,35.748,35.38366021207083,35.38366021207083,0.3643397879291683,1.010296837176977,1.0,1.140821745,1.140821745,0,0,0.0,False,False,True,False,False
34,116,116,1,0,46.263,33.00393329574278,33.00393329574278,13.259066704257215,1.4017420161847047,1.0,4.446483528,4.446483528,0,0,0.0,False,False,True,False,False
35,122,122,1,0,30.397,29.767647622925647,29.767647622925647,0.6293523770743512,1.0211421602756965,1.0,2.365313011,2.365313011,0,0,0.0,False,False,True,False,False
36,123,123,1,0,72.798,67.1261895238211,67.1261895238211,5.671810476178905,1.0844947481216127,1.0,0.9875881927,0.9875881927,0,0,0.0,False,False,True,False,False
37,124,124,1,0,8.193,8.185983141744854,8.185983141744854,0.0070168582551453085,1.000857179661092,1.0,2.626302426,2.626302426,0,0,0.0,False,False,True,False,False
38,126,126,1,0,24.704,23.021868560310043,23.021868560310043,1.6821314396899574,1.0730666772457371,1.0,5.106603635,5.106603635,0,0,0.0,False,False,True,False,False
39,127,127,1,0,40.369,39.87885009609949,39.87885009609949,0.49014990390050883,1.0122909738550472,1.0,4.63715507,4.63715507,0,0,0.0,False,False,True,False,False
40,128,128,1,0,2.832,2.83182714880153,2.83182714880153,0.00017285119846999208,1.0000610387532103,1.0,0.5504836012,0.5504836012,0,0,0.0,False,True,True,False,False
41,129,129,1,0,51.433,33.86141036615088,33.86141036615088,17.571589633849122,1.5189266909985042,1.0,1.323334164,1.323334164,0,0,0.0,False,False,True,False,False
42,130,130,1,0,125.455,106.31427285214542,106.31427285214542,19.140727147854577,1.180039110783123,1.0,1.151319917,1.151319917,0,0,0.0,False,False,True,False,False
43,131,131,1,0,105.793,103.71562947297096,103.71562947297096,2.0773705270290463,1.0200294838645358,1.0,3.99985711,3.99985711,0,0,0.0,False,False,True,False,False
44,134,134,1,0,94.724,93.32950315946205,93.32950315946204,1.394496840537954,1.0149416507463382,0.9999999999999999,2.706484009,2.706484009,0,0,0.0,False,False,True,False,False
45,135,135,1,0,104.213,79.77120113177536,79.77120113177536,24.441798868224637,1.306398782034745,1.0,7.273326061,7.273326061,0,0,0.0,False,False,True,False,False
46,136,136,1,0,36.407,34.40260991559247,34.40260991559247,2.0043900844075253,1.0582627332439412,1.0,6.251060506,6.251060506,0,0,0.0,False,False,True,False,False
47,137,137,1,0,37.478,35.247529644044995,35.247529644044995,2.2304703559550063,1.0632801895190926,1.0,4.777505283,4.777505283,0,0,0.0,False,False,True,False,False
48,153,153,1,0,99.633,95.46279277806819,95.4627927780682,4.170207221931804,1.043684110851719,1.0000000000000002,3.850910073,3.850910073,0,0,0.0,False,False,True,False,False
49,155,155,1,0,44.48,43.5114102850297,43.5114102850297,0.9685897149702996,1.0222605911558686,1.0,3.336633933,3.336633933,0,0,0.0,False,False,True,False,False
50,157,157,1,0,6.57,6.411569620618888,6.411569620618888,0.15843037938111237,1.0247100770568907,1.0,1.980516651,1.980516651,0,0,0.0,False,False,True,False,False
51,168,168,1,0,31.869,26.263472447587453,26.263472447587453,5.605527552412546,1.213434364538017,1.0,8.405953962,8.405953962,0,0,0.0,False,False,True,False,False
52,169,169,1,0,53.25,50.580712381227904,50.580712381227904,2.6692876187720955,1.0527728355949917,1.0,3.163438495,3.163438495,0,0,0.0,False,False,True,False,False
53,170,170,1,0,104.535,101.83798970919547,101.83798970919548,2.6970102908045277,1.0264833418109096,1.0000000000000002,8.128146613,8.128146613,0,0,0.0,False,False,True,False,False
54,171,171,1,0,111.858,107.95513119808696,107.95513119808696,3.902868801913044,1.0361526937960148,1.0,8.326686059,8.326686059,0,0,0.0,False,False,True,False,False
55,173,173,1,0,39.204,35.692148828446456,35.692148828446456,3.5118511715535448,1.0983928199009025,1.0,10.17223481,10.17223481,0,0,0.0,False,False,True,False,False
56,175,175,1,0,20.682,14.529759873521275,14.529759873521275,6.152240126478723,1.4234233862109749,1.0,19.83306569,19.83306569,0,0,0.0,False,False,True,False,False
57,177,177,1,0,93.922,90.62079595779927,90.62079595779926,3.301204042200723,1.036428768996225,0.9999999999999999,8.550401579,8.550401579,0,0,0.0,False,False,True,False,False
58,178,178,1,0,81.808,66.92981868352489,66.92981868352489,14.878181316475121,1.2222952580646609,1.0,0.6647872291,0.6647872291,0,0,0.0,False,False,True,False,False
59,180,180,1,0,10.963,5.970602816897049,5.970602816897049,4.99239718310295,1.8361630033359886,1.0,1.977059203,1.977059203,0,0,0.0,False,False,True,False,False
60,199,199,1,0,72.704,65.39268834461365,65.39268834461365,7.311311655386348,1.11180625602753,1.0,3.268929112,3.268929112,0,0,0.0,False,False,True,False,False
61,200,200,1,0,169.486,167.59634745719453,167.59634745719453,1.8896525428054645,1.0112750222273674,1.0,4.374206651,4.374206651,0,0,0.0,False,False,True,False,False
62,201,201,1,0,41.908,34.967316653848286,34.967316653848286,6.940683346151715,1.1984905909383774,1.0,5.616757936,5.616757936,0,0,0.0,False,False,True,False,False
63,202,202,1,0,44.825,43.08446070231514,43.08446070231514,1.7405392976848617,1.0403983076337158,1.0,3.705102703,3.705102703,0,0,0.0,False,False,True,False,False
64,203,203,1,0,29.349,27.64155142170997,27.641551421709973,1.7074485782900304,1.0617710834041314,1.0000000000000002,3.332143863,3.332143863,0,0,0.0,False,False,True,False,False
65,204,204,1,0,16.467,9.879022320469884,9.879022320469884,6.587977679530114,1.6668653502158264,1.0,7.377258052,7.377258052,0,0,0.0,False,False,True,False,False
66,210,210,1,0,52.347,28.109087676613637,28.10908767661364,24.237912323386364,1.86228029177738,1.0000000000000002,6.886287781,6.886287781,0,0,0.0,False,False,True,False,False
67,237,237,1,0,32.513,31.391504025416097,31.3915040254161,1.121495974583901,1.0357260988092791,1.0000000000000002,4.488701965,4.488701965,0,0,0.0,False,False,True,False,False
68,238,238,1,0,17.867,16.917238102493297,16.917238102493297,0.9497618975067041,1.0561416640087797,1.0,12.30814291,12.30814291,0,0,0.0,False,False,True,False,False
69,239,239,1,0,11.661,6.328837175926432,6.328837175926432,5.332162824073568,1.8425185663420125,1.0,7.822827647,7.822827647,0,0,0.0,False,False,True,False,False
70,248,248,1,0,0.697,0.45510108756193296,0.4551010875619329,0.241898912438067,1.5315278716075313,0.9999999999999999,6.399181256,6.399181256,0,0,0.0,False,True,True,False,False
71,278,278,1,0,6.335,3.1736089870440574,3.1736089870440574,3.1613910129559426,1.9961501325027773,1.0,7.048472954,7.048472954,0,0,0.0,False,True,True,False,False
72,280,280,1,0,36.258,35.191477661425694,35.191477661425694,1.066522338574309,1.0303062675808965,1.0,7.094307661,7.094307661,0,0,0.0,False,False,True,False,False
73,281,281,1,0,36.262,34.521416903555256,34.521416903555256,1.7405830964447446,1.0504203839983604,1.0,0.3987152976,0.3987152976,0,0,0.0,False,False,True,False,False
74,283,283,1,0,3.977,3.375862853005042,3.3758628530050423,0.601137146994958,1.178069185026238,1.0000000000000002,5.665418822,5.665418822,0,0,0.0,False,True,True,False,False
75,285,285,1,0,62.523,54.25459724270625,54.25459724270625,8.268402757293757,1.1524000393976812,1.0,3.601169394,3.601169394,0,0,0.0,False,False,True,False,False
76,286,286,1,0,8.037,7.770666509543049,7.770666509543049,0.26633349045695187,1.03427421446151,1.0,8.783772974,8.783772974,0,0,0.0,False,False,True,False,False
77,328,328,1,0,4.344,4.054552996225675,4.054552996225675,0.28944700377432486,1.0713881416875712,1.0,13.62584171,13.62584171,0,0,0.0,False,True,True,False,False
78,333,333,1,0,13.506,3.5680096691839167,3.5680096691839167,9.937990330816083,3.785303643274353,1.0,2.99655276,2.99655276,0,0,0.0,False,True,True,False,False
79,335,335,1,0,9.005,1.8944513715485727,1.894451371548573,7.110548628451428,4.7533550532041815,1.0000000000000002,0.8063095946,0.8063095946,0,0,0.0,False,True,True,False,False
80,340,340,3,2,238.516,154.0024924733231,207.95994481311436,84.5135075266769,1.5487801279665436,1.3503673964831315,2.7925510296,5.985117837,0,2,0.0,False,False,False,False,False
81,341,341,3,2,240.61,207.91145481938972,217.3332635747309,32.698545180610296,1.157271494295565,1.0453164485983988,8.092759265333333,11.23336523,0,2,0.0,False,False,False,False,False
82,342,342,1,0,12.809,12.70755684579551,12.70755684579551,0.1014431542044889,1.0079828998945657,1.0,12.83352418,12.83352418,0,0,0.0,False,False,True,False,False
83,343,343,2,1,19.241,14.078600960052555,17.782561815865414,5.162399039947445,1.3666840941507994,1.2630915434227232,9.614759433,9.83202335,0,1,0.0,False,False,False,False,False
84,350,352,3,2,488.525,299.5267282387441,364.4534820597425,188.99827176125586,1.6309896711808998,1.216764474418614,4.584117822,6.55592196,0,2,0.0,False,False,False,False,False
85,353,353,2,1,212.283,156.79463338411492,162.33810890967015,55.48836661588507,1.3538920013923554,1.0353550080504021,2.5963662894999997,3.381908963,0,1,0.0,False,False,False,False,False
86,354,354,3,2,186.747,183.1812218158588,184.5531423657692,3.565778184141209,1.0194658499861173,1.0074894169626705,2.8515684034,5.615061985,0,2,0.0,False,False,False,False,False
87,355,355,1,0,269.083,247.30349817988926,247.3034981798893,21.779501820110767,1.0880679083814184,1.0000000000000002,2.064218553,2.064218553,0,0,0.0,False,False,True,False,False
88,358,359,2,1,44.062,43.083927235123326,43.338361343847154,0.9780727648766714,1.0227015694168038,1.0059055458741097,1.965053991,1.965053991,0,1,0.0,False,False,False,False,False
89,360,360,2,1,204.676,188.32846351524148,190.4299528484981,16.347536484758507,1.0868033231919587,1.0111586389759217,2.620459742,3.110411162,0,1,0.0,False,False,False,False,False
90,361,361,1,0,19.44,15.190658708760276,15.190658708760276,4.249341291239725,1.2797338399018325,1.0,4.226224092,4.226224092,0,0,0.0,False,False,True,False,False
91,362,362,1,0,9.392,0.4899234635498877,0.4899234635498877,8.902076536450112,19.170341285447815,1.0,2.833331857,2.833331857,0,0,0.0,False,True,True,False,False
92,379,379,1,0,198.821,148.09259719868277,148.09259719868277,50.72840280131723,1.342545162694793,1.0,3.497764347,3.497764347,0,0,0.0,False,False,True,False,False
93,380,381,2,1,252.145,229.39400716227647,229.4359594738663,22.750992837723544,1.09917867131389,1.0001828832065354,0.4595836586,0.4595836586,0,1,0.0,False,False,False,False,False
94,382,382,1,0,293.581,290.53111834254065,290.53111834254065,3.049881657459366,1.0104976075363588,1.0,1.157498368,1.157498368,0,0,0.0,False,False,True,False,False
95,383,383,1,0,233.326,219.98373098200494,219.98373098200491,13.34226901799505,1.0606511625129518,0.9999999999999999,3.079892217,3.079892217,0,0,0.0,False,False,True,False,False
96,384,384,1,0,208.305,201.61182511209336,201.61182511209336,6.69317488790665,1.0331983249702013,1.0,3.824018132,3.824018132,0,0,0.0,False,False,True,False,False
97,385,385,1,0,13.862,13.559277008549438,13.559277008549438,0.3027229914505618,1.02232589475528,1.0,2.096372807,2.096372807,0,0,0.0,False,False,True,False,False
98,386,386,1,0,234.909,218.20379474230484,218.20379474230484,16.705205257695155,1.0765578127430082,1.0,1.227059923,1.227059923,0,0,0.0,False,False,True,False,False
99,387,387,1,0,259.638,235.22251338884288,235.22251338884288,24.415486611157093,1.1037974055263844,1.0,1.233564297,1.233564297,0,0,0.0,False,False,True,False,False
100,388,388,1,0,253.769,242.8463270672346,242.8463270672346,10.922672932765408,1.0449777151858728,1.0,1.736035642,1.736035642,0,0,0.0,False,False,True,False,False
101,389,389,1,0,239.354,229.2798076936262,229.2798076936262,10.074192306373817,1.0439384192080072,1.0,0.8867275445,0.8867275445,0,0,0.0,False,False,True,False,False
102,394,394,1,0,128.812,128.51542682942952,128.51542682942952,0.2965731705704968,1.0023076853719992,1.0,1.128377234,1.128377234,0,0,0.0,False,False,True,False,False
103,395,395,1,0,197.61,195.87054802796845,195.87054802796848,1.73945197203156,1.0088806203359537,1.0000000000000002,3.585232583,3.585232583,0,0,0.0,False,False,True,False,False
104,396,396,1,0,158.2,156.73783529207373,156.73783529207373,1.462164707926263,1.0093287284796397,1.0,3.01526186,3.01526186,0,0,0.0,False,False,True,False,False
105,397,397,1,0,66.563,56.72737096835157,56.72737096835157,9.83562903164843,1.1733841858656868,1.0,1.065651215,1.065651215,0,0,0.0,False,False,True,False,False
106,398,398,1,0,229.615,165.1175378239609,165.1175378239609,64.49746217603911,1.3906154550633059,1.0,1.243275393,1.243275393,0,0,0.0,False,False,True,False,False
107,399,399,1,0,214.092,212.9930628403345,212.9930628403345,1.0989371596655246,1.0051594974268685,1.0,1.583983322,1.583983322,0,0,0.0,False,False,True,False,False
108,400,400,1,0,212.418,208.706248035312,208.706248035312,3.7117519646880055,1.0177845752085966,1.0,2.86818446,2.86818446,0,0,0.0,False,False,True,False,False
109,401,401,1,0,179.562,177.055930217104,177.055930217104,2.50606978289602,1.0141541137866612,1.0,2.523996522,2.523996522,0,0,0.0,False,False,True,False,False
110,402,402,1,0,180.35,177.36242142252104,177.36242142252104,2.9875785774789563,1.0168444846068143,1.0,3.918036501,3.918036501,0,0,0.0,False,False,True,False,False
111,404,404,1,0,253.493,250.51445263112552,250.51445263112552,2.978547368874473,1.0118897226790355,1.0,0.5117846251,0.5117846251,0,0,0.0,False,False,True,False,False
112,405,405,1,0,264.539,259.91113698713076,259.9111369871308,4.627863012869227,1.017805558724859,1.0000000000000002,1.802108821,1.802108821,0,0,0.0,False,False,True,False,False
113,407,407,1,0,206.426,205.6640960429017,205.6640960429017,0.7619039570982977,1.003704603631639,1.0,0.7770018661,0.7770018661,0,0,0.0,False,False,True,False,False
114,408,408,1,0,269.772,266.6765768864957,266.6765768864957,3.095423113504296,1.0116074053058728,1.0,0.7491494862,0.7491494862,0,0,0.0,False,False,True,False,False
115,409,409,2,1,213.761,209.0607417232913,209.06552376457415,4.700258276708695,1.0224827398868117,1.000022873932444,0.83116403985,0.8553735277,0,1,0.0,False,False,False,False,False
116,413,413,4,3,144.901,114.80553861665075,148.7786804702444,30.09546138334926,1.2621429396698496,1.295919014561083,0.770431513025,0.9617615599,0,3,0.0,False,False,False,False,True
117,414,414,2,1,161.86,158.16018480319914,159.48307686227258,3.69981519680087,1.023392835569866,1.0083642546366491,0.9229357219500001,1.221951486,0,1,0.0,False,False,False,False,False
118,415,415,1,0,160.974,158.04442212258184,158.04442212258184,2.9295778774181542,1.0185364205713374,1.0,5.406558367,5.406558367,0,0,0.0,False,False,True,False,False
119,416,416,1,0,69.665,68.21463375236932,68.21463375236932,1.450366247630683,1.02126180509736,1.0,6.066844493,6.066844493,0,0,0.0,False,False,True,False,False
120,418,418,1,0,159.715,157.68524535330968,157.68524535330968,2.0297546466903214,1.0128721913210235,1.0,7.063907171,7.063907171,0,0,0.0,False,False,True,False,False
121,419,419,1,0,50.626,27.440712126083145,27.440712126083145,23.185287873916852,1.8449229658248776,1.0,6.626554969,6.626554969,0,0,0.0,False,False,True,False,False
122,420,420,1,0,65.976,63.422761371449106,63.42276137144911,2.5532386285508935,1.0402574497442219,1.0000000000000002,0.6335365279,0.6335365279,0,0,0.0,False,False,True,False,False
123,421,421,1,0,42.144,40.00446636312305,40.00446636312305,2.1395336368769478,1.0534823691298933,1.0,4.237169815,4.237169815,0,0,0.0,False,False,True,False,False
124,422,422,1,0,5.312,4.271173140879588,4.271173140879589,1.0408268591204122,1.2436864123251319,1.0000000000000002,4.225657913,4.225657913,0,0,0.0,False,True,True,False,False
125,426,426,1,0,144.752,115.63731885960614,115.63731885960614,29.11468114039387,1.251775823129743,1.0,6.802178151,6.802178151,0,0,0.0,False,False,True,False,False
126,427,427,1,0,74.285,60.58684551045123,60.58684551045123,13.69815448954877,1.2260912310938161,1.0,6.991305316,6.991305316,0,0,0.0,False,False,True,False,False
127,428,428,1,0,121.228,101.24562908128726,101.24562908128726,19.982370918712732,1.1973652699877981,1.0,1.835844073,1.835844073,0,0,0.0,False,False,True,False,False
128,430,430,1,0,0.084,0.07499999995343387,0.0749999999534338,0.009000000046566134,1.1200000006953876,0.9999999999999991,1.50600664,1.50600664,0,0,0.0,False,True,True,False,False
129,432,432,1,0,172.185,149.1960288811903,149.1960288811903,22.9889711188097,1.1540856770197052,1.0,0.223920694,0.223920694,0,0,0.0,False,False,True,False,False
130,433,433,4,3,83.747,67.4725515230406,82.85856446916615,16.274448476959407,1.2412010233732156,1.22803366107878,1.1165966038000001,1.583001359,0,3,0.0,False,False,False,False,False
131,434,434,3,2,28.695,27.581311154488652,28.535625978342136,1.1136888455113478,1.0403783866282985,1.0346000528585522,1.1364682510000002,1.189241046,0,2,0.0,False,False,False,False,False
132,436,436,1,0,112.224,111.24487825511774,111.24487825511774,0.9791217448822636,1.0088014995408314,1.0,1.894098906,1.894098906,0,0,0.0,False,False,True,False,False
133,437,437,1,0,69.543,68.29197110207572,68.29197110207572,1.2510288979242858,1.0183188283737539,1.0,5.537217115,5.537217115,0,0,0.0,False,False,True,False,False
134,439,439,2,1,19.148,18.650894026634017,18.66818692656891,0.49710597336598283,1.0266531981070774,1.000927188793749,5.0805183505,5.49806451,0,1,0.0,False,False,False,False,False
135,441,441,4,3,34.375,23.38576115936509,33.379352775539544,10.989238840634911,1.4699115314548634,1.4273365980295412,12.534276980000001,13.59077596,0,3,0.0,False,False,False,False,False
136,443,443,2,1,66.608,62.917919498034976,62.942781523962196,3.690080501965028,1.0586491182703566,1.0003951501595343,11.686409300000001,11.89831915,0,1,0.0,False,False,False,False,False
137,448,448,2,1,67.456,63.80459176262014,65.55881942138686,3.6514082373798615,1.0572279852673399,1.027493752570241,11.748217665,12.30820175,0,1,0.0,False,False,False,False,False
138,449,449,1,0,8.27,4.342959935305996,4.342959935305996,3.927040064694004,1.9042312439424594,1.0,10.90209618,10.90209618,0,0,0.0,False,True,True,False,False
139,455,455,1,0,22.841,22.606914893411027,22.606914893411027,0.2340851065889744,1.0103545799014442,1.0,13.88963348,13.88963348,0,0,0.0,False,False,True,False,False
140,456,456,2,1,18.569,14.49669703769773,16.864302538950305,4.072302962302269,1.2809124693516396,1.1633203408401078,16.95321598,17.95641617,0,1,0.0,False,False,False,False,False
141,460,460,2,1,40.664,37.25272781998601,37.27531182190396,3.411272180013988,1.0915710708890383,1.000606237535868,7.449239134,10.22820063,0,1,0.0,False,False,False,False,False
142,461,461,2,1,17.566,10.917032655326528,11.296927831849974,6.648967344673471,1.6090452923056315,1.034798391515124,6.2785677545,9.250994246,0,1,0.0,False,False,False,False,False
143,464,464,2,1,15.539,9.553192555310176,14.652936418048846,5.985807444689824,1.6265766559224843,1.5338261354214995,10.8388364365,12.31811253,0,1,0.0,False,False,False,False,False
144,474,474,1,0,15.122,6.137819319319457,6.137819319319457,8.984180680680543,2.4637414712423764,1.0,16.01715288,16.01715288,0,0,0.0,False,False,True,False,False
145,477,477,1,0,11.166,4.467933862609984,4.467933862609984,6.6980661373900166,2.4991417382971917,1.0,13.94828827,13.94828827,0,0,0.0,False,True,True,False,False
146,501,501,2,1,19.096,16.982187638412306,17.41290867229949,2.1138123615876943,1.1244723239782386,1.0253631065124336,9.1445577315,9.444964765,0,1,0.0,False,False,False,False,False
147,502,502,1,0,3.761,3.204058832390541,3.204058832390541,0.5569411676094593,1.173823639559679,1.0,14.35763497,14.35763497,0,0,0.0,False,True,True,False,False
148,535,535,1,0,84.949,80.80945410631362,80.80945410631364,4.139545893686375,1.0512260098705821,1.0000000000000002,5.775480295,5.775480295,0,0,0.0,False,False,True,False,False
149,536,536,1,0,72.446,70.64730164070008,70.64730164070008,1.7986983592999195,1.0254602556294052,1.0,8.45925125,8.45925125,0,0,0.0,False,False,True,False,False
150,537,537,1,0,15.452,15.31077558363579,15.31077558363579,0.14122441636421001,1.0092238577721138,1.0,8.521694464,8.521694464,0,0,0.0,False,False,True,False,False
151,538,538,2,1,91.539,82.67338377604116,84.77388598551082,8.865616223958838,1.1072366439962762,1.0254072364469782,9.239138595,15.90936488,1,0,0.5,False,False,False,False,False
152,539,539,1,0,99.417,98.72219023605908,98.72219023605908,0.6948097639409241,1.007038030277484,1.0,1.002462612,1.002462612,0,0,0.0,False,False,True,False,False
153,541,541,1,0,106.716,106.19206950146068,106.19206950146068,0.5239304985393147,1.0049338006218262,1.0,2.068606071,2.068606071,0,0,0.0,False,False,True,False,False
154,542,542,1,0,133.67,130.7458348093795,130.7458348093795,2.9241651906204993,1.0223652645981707,1.0,0.2493736879,0.2493736879,0,0,0.0,False,False,True,False,False
155,543,543,1,0,142.961,106.98169391969205,106.98169391969203,35.979306080307964,1.3363127350303179,0.9999999999999999,5.122582455,5.122582455,0,0,0.0,False,False,True,False,False
156,548,548,1,0,15.772,13.426800252158175,13.426800252158175,2.345199747841825,1.1746655721242942,1.0,12.16204953,12.16204953,0,0,0.0,False,False,True,False,False
157,551,551,1,0,0.453,0.45339827940230587,0.4533982794023058,-0.0003982794023058567,0.9991215683420085,0.9999999999999999,10.4064562,10.4064562,0,0,0.0,False,True,True,False,False
158,555,555,2,1,219.887,167.28011388384087,167.469667267619,52.60688611615913,1.31448380141999,1.0011331495380842,5.531938949000001,8.062102181,1,0,0.5,False,False,False,False,False
159,556,556,2,1,43.824,30.68109060961834,33.72958157169184,13.142909390381657,1.4283716494178806,1.0993605801326312,5.5850516085,7.966724168,0,1,0.0,False,False,False,False,False
160,557,557,1,0,6.047,3.165676073307382,3.165676073307382,2.881323926692618,1.9101764867819582,1.0,2.276055355,2.276055355,0,0,0.0,False,True,True,False,False
161,565,565,1,0,1.038,1.0289917395931412,1.0289917395931412,0.00900826040685887,1.0087544535687145,1.0,4.401397193,4.401397193,0,0,0.0,False,True,True,False,False
162,592,592,2,1,39.583,38.12953291101115,38.47030244992542,1.4534670889888517,1.0381191947035133,1.0089371548219481,6.1453729455,6.42137587,0,1,0.0,False,False,False,False,False
163,593,593,1,0,5.277,4.488617827294895,4.488617827294895,0.7883821727051048,1.1756402979801535,1.0,5.765204751,5.765204751,0,0,0.0,False,True,True,False,False
164,606,606,1,0,208.5,176.41570560443805,176.41570560443805,32.084294395561955,1.1818675626732569,1.0,7.931175635,7.931175635,0,0,0.0,False,False,True,False,False
165,609,609,1,0,12.206,6.646700309135061,6.64670030913506,5.559299690864939,1.8363999326439278,0.9999999999999999,5.372707308,5.372707308,0,0,0.0,False,False,True,False,False
166,629,629,4,3,205.442,175.49788904989364,195.034496466133,29.944110950106364,1.170623767113195,1.1113210393697963,7.77468677975,12.7643016,0,3,0.0,False,False,False,False,False
167,632,632,4,3,23.319,20.139345197894492,23.15673699837833,3.1796548021055067,1.1578827300918368,1.1498257153265985,8.2216576605,13.13865768,2,1,0.5,False,False,False,False,False
168,641,641,2,1,103.517,83.1894907124408,84.22088385192171,20.327509287559195,1.2443518900461217,1.0123981182075763,5.142387675,5.158866298,0,1,0.0,False,False,False,False,False
169,645,645,1,0,65.976,62.63360459867274,62.63360459867274,3.342395401327259,1.0533642510716696,1.0,8.191312298,8.191312298,0,0,0.0,False,False,True,False,False
170,646,646,1,0,141.959,101.62881792565484,101.62881792565484,40.33018207434516,1.3968380514260055,1.0,2.88001536,2.88001536,0,0,0.0,False,False,True,False,False
171,647,647,1,0,70.987,57.13964831006203,57.13964831006204,13.847351689937966,1.242342263200446,1.0000000000000002,3.82151117,3.82151117,0,0,0.0,False,False,True,False,False
172,648,648,1,0,150.016,140.70958981549234,140.70958981549234,9.306410184507655,1.0661391323555902,1.0,1.592459634,1.592459634,0,0,0.0,False,False,True,False,False
173,652,652,2,1,36.472,31.850780790706402,33.754310527354455,4.621219209293599,1.145089667963242,1.0597639897482034,1.3204482725,1.415306765,0,1,0.0,False,False,False,False,False
174,654,654,2,1,10.338,7.967362487339841,10.330241446207292,2.370637512660158,1.2975435743543873,1.296569782361738,1.04068482035,1.475225136,0,1,0.0,False,False,False,False,False
175,658,658,2,1,17.851,14.63024692193278,16.543217967065964,3.2207530780672187,1.2201434531661157,1.1307545289796423,0.9335457568500001,0.9736688203,0,1,0.0,False,False,False,False,False
176,663,663,3,2,8.425,5.78857529967617,8.342903984326849,2.636424700323831,1.4554531234086772,1.4412707017551583,0.7191045344,0.9447529858,0,2,0.0,False,False,False,False,False
177,667,667,2,1,10.003,7.285449883095818,9.994227073977171,2.7175501169041825,1.373010611631496,1.3718064408302963,0.7619209461,0.8539620432,0,1,0.0,False,False,False,False,False
178,670,670,2,1,7.979,5.845792504000643,7.937486042222783,2.1332074959993568,1.364913310648551,1.357811799989593,0.58522897705,0.9031027484,0,1,0.0,False,False,False,False,False
179,674,674,2,1,8.394,7.2624184680482236,8.376999534821895,1.1315815319517766,1.1558133198920288,1.1534724378218342,0.9237559828999999,1.21252889,0,1,0.0,False,False,False,False,False
180,678,678,3,2,21.786,18.983091686779353,21.71355586106977,2.802908313220648,1.1476528881316375,1.143836642594527,0.6241764733333333,0.982627128,0,2,0.0,False,False,False,False,False
181,681,681,2,1,15.834,6.482781193626245,11.814467044293922,9.351218806373755,2.4424702187338525,1.8224380387710286,0.77016781215,0.903807525,0,1,0.0,False,False,False,False,False
182,684,684,2,1,20.644,19.724290050706387,19.85988959432574,0.9197099492936118,1.0466282916611578,1.0068747490160994,0.9279513264,1.191548947,0,1,0.0,False,False,False,False,False
183,686,686,1,0,0.402,0.401966416481124,0.401966416481124,3.358351887600142e-05,1.0000835480714285,1.0,1.202302434,1.202302434,0,0,0.0,False,True,True,False,False
184,693,693,3,2,47.779,47.68604430018084,47.739751776387735,0.0929556998191643,1.001949327128793,1.001126272413556,0.8725446494333333,1.02790839,1,1,0.3333333333333333,False,False,False,False,False
185,694,694,1,0,184.649,181.62608959341034,181.62608959341037,3.0229104065896593,1.0166435913109002,1.0000000000000002,5.534029483,5.534029483,0,0,0.0,False,False,True,False,False
186,695,695,1,0,10.105,9.98029142881647,9.98029142881647,0.12470857118353074,1.0124954839318074,1.0,6.447288381,6.447288381,0,0,0.0,False,False,True,False,False
187,698,698,2,1,44.15,35.15433407142926,35.612469394385535,8.995665928570737,1.255890665153624,1.0130321149598625,15.101415815,17.36191052,1,0,0.5,False,False,False,False,False
188,700,700,1,0,12.869,10.89900752349121,10.89900752349121,1.9699924765087893,1.1807497125093969,1.0,20.33445677,20.33445677,0,0,0.0,False,False,True,False,False
189,702,702,1,0,8.497,7.34644254034186,7.34644254034186,1.15055745965814,1.1566142324451638,1.0,10.52297127,10.52297127,0,0,0.0,False,False,True,False,False
190,706,706,1,0,1.35,0.2537341125932181,0.2537341125932181,1.096265887406782,5.320530165229677,1.0,10.73257387,10.73257387,0,0,0.0,False,True,True,False,False
191,707,707,2,1,36.013,28.40283260575089,30.389453216926768,7.610167394249107,1.2679369167111956,1.0699444537364078,8.5614440975,8.925301375,0,1,0.0,False,False,False,False,False
192,708,708,1,0,185.638,169.803587491013,169.803587491013,15.834412508987015,1.0932513425832364,1.0,9.505865997,9.505865997,0,0,0.0,False,False,True,False,False
193,709,709,1,0,202.282,188.8830674918266,188.8830674918266,13.398932508173402,1.0709377112840102,1.0,6.451349791,6.451349791,0,0,0.0,False,False,True,False,False
194,713,713,1,0,173.228,148.10797613896023,148.10797613896025,25.120023861039783,1.1696061516462237,1.0000000000000002,4.398041151,4.398041151,0,0,0.0,False,False,True,False,False
195,714,714,1,0,159.436,120.09453112026033,120.09453112026031,39.34146887973968,1.327587513875581,0.9999999999999999,2.352755927,2.352755927,0,0,0.0,False,False,True,False,False
196,715,715,1,0,190.753,187.87939442638802,187.879394426388,2.873605573611968,1.015294948029747,0.9999999999999999,1.33929169,1.33929169,0,0,0.0,False,False,True,False,False
197,716,716,1,0,182.046,176.22446337839943,176.22446337839943,5.821536621600558,1.0330347813804954,1.0,3.822425566,3.822425566,0,0,0.0,False,False,True,False,False
198,717,717,1,0,216.521,194.32655571990705,194.32655571990705,22.194444280092938,1.1142121013665418,1.0,5.985906749,5.985906749,0,0,0.0,False,False,True,False,False
199,718,718,1,0,198.891,196.77917816670794,196.77917816670796,2.111821833292055,1.0107319374588655,1.0000000000000002,6.680480723,6.680480723,0,0,0.0,False,False,True,False,False
200,719,719,1,0,216.478,210.31432066386316,210.3143206638632,6.163679336136852,1.0293069883053185,1.0000000000000002,8.122242732,8.122242732,0,0,0.0,False,False,True,False,False
201,721,721,1,0,134.402,77.24775842033995,77.24775842033995,57.15424157966004,1.7398822017418032,1.0,9.490070399,9.490070399,0,0,0.0,False,False,True,False,False
202,726,726,1,0,0.0,0.0,0.0,0.0,,,9.567186664,9.567186664,0,0,0.0,True,True,True,False,False
203,727,727,1,0,0.0,0.0,0.0,0.0,,,9.455582916,9.455582916,0,0,0.0,True,True,True,False,False
204,731,731,2,1,287.519,194.28627412463635,210.07083919924432,93.23272587536366,1.4798729415931566,1.0812438508367401,2.7830287370000004,3.498006773,0,1,0.0,False,False,False,False,False
205,732,732,1,0,291.459,205.32515391938068,205.32515391938068,86.13384608061932,1.4194997273175751,1.0,1.543011373,1.543011373,0,0,0.0,False,False,True,False,False
206,736,736,3,2,21.395,19.434086265878825,20.87800957217525,1.9609137341211742,1.100900742504371,1.0742984921720544,3.8067418563333333,4.538719071,1,1,0.3333333333333333,False,False,False,False,False
207,753,753,1,0,328.667,263.0928520822914,263.0928520822914,65.57414791770856,1.2492433655977775,1.0,7.493204789,7.493204789,0,0,0.0,False,False,True,False,False
208,755,755,2,1,130.694,122.99220886331639,124.9291924151712,7.701791136683596,1.0626201546249385,1.0157488313264413,8.255109884500001,9.142044517,0,1,0.0,False,False,False,False,False
209,759,759,1,0,218.828,197.9974638722784,197.9974638722784,20.830536127721615,1.1052060754735662,1.0,1.83174138,1.83174138,0,0,0.0,False,False,True,False,False
210,762,762,1,0,217.686,160.30112439980806,160.30112439980806,57.38487560019195,1.3579817410205306,1.0,5.301470573,5.301470573,0,0,0.0,False,False,True,False,False
211,763,763,1,0,219.219,212.82245486102997,212.82245486103,6.396545138970026,1.0300557812057327,1.0000000000000002,14.28815685,14.28815685,0,0,0.0,False,False,True,False,False
212,764,764,1,0,166.318,158.40483498916558,158.40483498916558,7.913165010834433,1.0499553249834557,1.0,1.062062122,1.062062122,0,0,0.0,False,False,True,False,False
213,765,765,1,0,166.803,158.64113991673563,158.64113991673565,8.161860083264372,1.051448571836714,1.0000000000000002,1.397103403,1.397103403,0,0,0.0,False,False,True,False,False
214,766,766,2,1,57.25,51.06860108705845,51.53987124786155,6.181398912941553,1.121041085546947,1.0092281783869448,2.7889803559999997,3.530825551,1,0,0.5,False,False,False,False,False
215,768,768,1,0,100.53,82.0522879693643,82.0522879693643,18.4777120306357,1.2251943545746669,1.0,1.695051595,1.695051595,0,0,0.0,False,False,True,False,False
216,770,770,1,0,114.324,98.60945498289267,98.60945498289269,15.714545017107326,1.15936144277274,1.0000000000000002,2.834859684,2.834859684,0,0,0.0,False,False,True,False,False
217,775,775,1,0,2.461,1.0514242723371194,1.0514242723371194,1.4095757276628804,2.340634570409581,1.0,4.395543133,4.395543133,0,0,0.0,False,True,True,False,False
218,784,784,2,1,25.378,23.64250039621395,24.144862568036665,1.7354996037860495,1.0734059246992322,1.021248267459188,9.8959996805,11.13931334,0,1,0.0,False,False,False,False,False
219,793,793,1,0,20.991,10.243091574108798,10.243091574108798,10.747908425891202,2.0492836413821016,1.0,13.60751825,13.60751825,0,0,0.0,False,False,True,False,False
220,795,795,1,0,7.431,5.20790024860352,5.20790024860352,2.2230997513964796,1.4268706475306618,1.0,18.27558605,18.27558605,0,0,0.0,False,False,True,False,False
221,797,797,1,0,2.927,2.189749072054869,2.1897490720548687,0.7372509279451309,1.336682836108382,0.9999999999999998,15.09282146,15.09282146,0,0,0.0,False,True,True,False,False
222,816,816,2,1,48.655,46.12688328966742,46.340160567534326,2.528116710332583,1.0548078805683991,1.0046237088365058,6.844368742,9.35725975,1,0,0.5,False,False,False,False,False
223,818,818,2,1,39.194,31.257699227535706,32.56210864511338,7.936300772464296,1.2538990702640394,1.0417308199199955,4.9659996695,5.828042264,0,1,0.0,False,False,False,False,False
224,821,821,2,1,10.971,2.905874050973746,10.730099193565076,8.065125949026253,3.7754561304278362,3.6925548063480127,7.383258001,9.527032645,0,1,0.0,False,True,False,False,False
225,836,836,1,0,150.83,88.8409300494813,88.8409300494813,61.98906995051871,1.6977535007343232,1.0,4.019879179,4.019879179,0,0,0.0,False,False,True,False,False
226,838,838,1,0,100.146,88.8955563566639,88.8955563566639,11.250443643336098,1.1265579979970812,1.0,2.328589527,2.328589527,0,0,0.0,False,False,True,False,False
227,843,843,2,1,17.863,10.380925295811084,16.469858433210288,7.482074704188916,1.7207521960694667,1.586550135357993,3.962968946,6.361766418,0,1,0.0,False,False,False,False,False
228,848,848,2,1,14.243,1.8518666258196739,11.672802775803927,12.391133374180326,7.691158640377656,6.303263211861873,2.6724905804,4.348017092,0,1,0.0,False,True,False,False,False
229,854,854,1,0,63.915,53.170725855140354,53.170725855140354,10.744274144859645,1.202071233222048,1.0,3.324842379,3.324842379,0,0,0.0,False,False,True,False,False
230,856,856,2,1,15.07,13.744688465472509,14.092209123937234,1.3253115345274917,1.0964235411996972,1.025283996748105,2.9697612860000002,4.932971378,0,1,0.0,False,False,False,False,False
231,866,866,1,0,119.993,96.39196095632464,96.39196095632464,23.601039043675357,1.2448444746794707,1.0,3.089842102,3.089842102,0,0,0.0,False,False,True,False,False
232,868,868,1,0,95.425,80.74174719986311,80.74174719986311,14.683252800136884,1.1818545338607904,1.0,6.719691609,6.719691609,0,0,0.0,False,False,True,False,False
233,870,870,1,0,128.43,101.19007645062104,101.19007645062104,27.23992354937897,1.2691956020279476,1.0,1.225858605,1.225858605,0,0,0.0,False,False,True,False,False
234,871,871,2,1,73.673,70.35441226390367,70.39387181752637,3.318587736096333,1.0471695751454522,1.000560868214984,2.8128590465,3.595912682,1,0,0.5,False,False,False,False,False
235,872,872,1,0,10.854,3.4682081827935334,3.4682081827935334,7.385791817206465,3.129569918509748,1.0,4.723172988,4.723172988,0,0,0.0,False,True,True,False,False
236,884,884,1,0,108.78,45.793550856032816,45.79355085603282,62.986449143967185,2.375443658911403,1.0000000000000002,1.480453298,1.480453298,0,0,0.0,False,False,True,False,False
237,885,885,1,0,138.213,135.55073822749523,135.55073822749523,2.6622617725047633,1.0196403339983047,1.0,0.8026174089,0.8026174089,0,0,0.0,False,False,True,False,False
238,886,886,1,0,4.351,1.1730903630903473,1.1730903630903473,3.1779096369096527,3.7090066860134128,1.0,0.9249142638,0.9249142638,0,0,0.0,False,True,True,False,False
239,896,896,1,0,169.856,145.165377745487,145.165377745487,24.690622254512988,1.1700861640562954,1.0,1.623360484,1.623360484,0,0,0.0,False,False,True,False,False
240,897,897,1,0,0.047,0.04360045887500956,0.0436004588750095,0.0033995411249904406,1.0779703061093,0.9999999999999986,1.621185506,1.621185506,0,0,0.0,False,True,True,False,False
241,899,899,1,0,6.214,6.0914051749318805,6.0914051749318805,0.12259482506811992,1.020125869409022,1.0,2.104090682,2.104090682,0,0,0.0,False,False,True,False,False
242,903,903,1,0,16.64,15.454786508326,15.454786508326,1.1852134916740003,1.076689088589835,1.0,3.720415707,3.720415707,0,0,0.0,False,False,True,False,False
243,905,905,1,0,127.433,26.850099757596393,26.850099757596396,100.58290024240361,4.746090373982571,1.0000000000000002,5.1790037,5.1790037,0,0,0.0,False,False,True,False,False
244,907,907,3,2,21.343,13.738481757308437,18.524978004814344,7.604518242691563,1.5535195501967458,1.348400669889134,4.727057133,8.079400009,0,2,0.0,False,False,False,False,False
245,909,909,2,1,473.956,397.9926075858913,398.8653056706021,75.96339241410874,1.190866340143554,1.002192749483475,4.443226013,6.637240948,0,1,0.0,False,False,False,False,False
246,911,911,2,1,20.862,9.159442614063742,14.923281976681032,11.702557385936256,2.2776495119875224,1.6292783966752824,0.73024268335,1.182453027,0,1,0.0,False,False,False,False,False
247,925,925,1,0,9.531,8.14385344838709,8.14385344838709,1.3871465516129113,1.1703304904004184,1.0,6.325871871,6.325871871,0,0,0.0,False,False,True,False,False
248,926,926,1,0,124.454,107.45473780608728,107.45473780608728,16.999262193912713,1.1581992803759809,1.0,2.417772229,2.417772229,0,0,0.0,False,False,True,False,False
249,927,927,1,0,186.898,174.77559133079527,174.7755913307953,12.12240866920473,1.0693598492609921,1.0000000000000002,3.156603576,3.156603576,0,0,0.0,False,False,True,False,False
250,929,929,1,0,79.084,68.25899047020636,68.25899047020636,10.825009529793647,1.158587307770374,1.0,1.325535058,1.325535058,0,0,0.0,False,False,True,False,False
251,931,931,1,0,91.804,64.2146604828855,64.2146604828855,27.589339517114496,1.429642379320336,1.0,5.640115532,5.640115532,0,0,0.0,False,False,True,False,False
252,932,932,1,0,178.206,109.82638584614504,109.82638584614504,68.37961415385494,1.6226155365764965,1.0,2.606372109,2.606372109,0,0,0.0,False,False,True,False,False
253,933,933,1,0,10.745,6.700379466963537,6.700379466963537,4.044620533036462,1.603640518119699,1.0,1.750287291,1.750287291,0,0,0.0,False,False,True,False,False
254,950,950,2,1,298.009,219.40267704848992,220.40975050815524,78.6063229515101,1.3582742198452638,1.0045900691514478,4.544539207,6.292896285,1,0,0.5,False,False,False,False,False
255,952,952,1,0,165.064,130.78090971153145,130.78090971153145,34.28309028846854,1.262141396355845,1.0,5.135456408,5.135456408,0,0,0.0,False,False,True,False,False
256,957,957,1,0,27.826,7.570511277355502,7.570511277355502,20.2554887226445,3.6755773791965156,1.0,7.801613653,7.801613653,0,0,0.0,False,False,True,False,False
257,958,958,1,0,105.37,79.93411114812604,79.93411114812604,25.43588885187397,1.3182106923630974,1.0,4.832745824,4.832745824,0,0,0.0,False,False,True,False,False
258,959,959,1,0,292.139,258.0909053124759,258.0909053124759,34.0480946875241,1.131922876733302,1.0,2.203845547,2.203845547,0,0,0.0,False,False,True,False,False
259,960,960,1,0,41.083,40.11554652490323,40.11554652490323,0.967453475096768,1.0241166719365566,1.0,3.444263922,3.444263922,0,0,0.0,False,False,True,False,False
260,991,991,1,0,10.574,7.483851548564535,7.483851548564535,3.090148451435465,1.4129088386351252,1.0,6.379812041,6.379812041,0,0,0.0,False,False,True,False,False
261,993,993,1,0,84.974,74.28543777223406,74.28543777223405,10.688562227765942,1.1438850271104015,0.9999999999999998,0.5403282147,0.5403282147,0,0,0.0,False,False,True,False,False
262,994,994,1,0,144.854,125.43353264987333,125.43353264987331,19.420467350126685,1.1548267591596553,0.9999999999999999,8.513861796,8.513861796,0,0,0.0,False,False,True,False,False
263,997,997,2,1,160.545,129.0635886879593,141.29097095902924,31.481411312040677,1.2439217104690476,1.0947392087526127,4.492341065,6.377768346,1,0,0.5,False,False,False,False,False
264,998,998,1,0,79.079,30.970943188575692,30.97094318857569,48.108056811424305,2.5533287610423825,0.9999999999999999,10.92869248,10.92869248,0,0,0.0,False,False,True,False,False
265,999,999,1,0,226.551,194.93143734417345,194.93143734417345,31.61956265582654,1.1622086364653366,1.0,3.520193471,3.520193471,0,0,0.0,False,False,True,False,False
266,1000,1000,1,0,14.098,13.99480850158562,13.994808501585618,0.10319149841438069,1.0073735555868941,0.9999999999999999,8.338063584,8.338063584,0,0,0.0,False,False,True,False,False
267,1001,1001,1,0,136.402,18.69455107833027,18.69455107833027,117.70744892166971,7.296350654716171,1.0,8.51281195,8.51281195,0,0,0.0,False,False,True,False,False
268,1002,1002,1,0,128.485,109.08615303965448,109.08615303965448,19.398846960345537,1.1778305167044782,1.0,5.269637401,5.269637401,0,0,0.0,False,False,True,False,False
269,1004,1004,1,0,7.741,7.542297395221533,7.542297395221533,0.19870260477846635,1.0263451034036866,1.0,7.009144708,7.009144708,0,0,0.0,False,False,True,False,False
270,1006,1006,1,0,49.167,36.937333660954714,36.93733366095472,12.229666339045288,1.3310922886665444,1.0000000000000002,9.756387649,9.756387649,0,0,0.0,False,False,True,False,False
271,1007,1007,1,0,207.204,176.51310263001972,176.51310263001972,30.69089736998029,1.17387319645222,1.0,3.458517712,3.458517712,0,0,0.0,False,False,True,False,False
272,1018,1018,1,0,181.067,147.46878097060497,147.46878097060497,33.59821902939504,1.2278327576064536,1.0,8.057655778,8.057655778,0,0,0.0,False,False,True,False,False
273,1019,1019,1,0,108.504,27.648864713900625,27.648864713900625,80.85513528609938,3.9243564291972177,1.0,4.66125218,4.66125218,0,0,0.0,False,False,True,False,False
274,1021,1021,1,0,47.159,31.12383493401656,31.123834934016564,16.03516506598344,1.5152053112985098,1.0000000000000002,5.507035226,5.507035226,0,0,0.0,False,False,True,False,False
275,1041,1041,1,0,202.477,127.09763260112118,127.09763260112118,75.37936739887883,1.5930823875803166,1.0,1.597624656,1.597624656,0,0,0.0,False,False,True,False,False
276,1042,1042,1,0,165.485,68.04359885470738,68.04359885470738,97.44140114529263,2.43204361299816,1.0,9.119633181,9.119633181,0,0,0.0,False,False,True,False,False
277,1043,1043,2,1,15.361,14.913115033347093,15.105885744026804,0.4478849666529072,1.030032958617391,1.0129262538543193,4.4504691985000004,5.750889978,0,1,0.0,False,False,False,False,False
278,1045,1045,2,1,197.803,152.958106944032,157.502348469038,44.84489305596799,1.293184153177163,1.0297090596621252,2.1575481723,3.997926592,1,0,0.5,False,False,False,False,False
279,1046,1046,1,0,206.651,168.38796339702466,168.38796339702466,38.26303660297535,1.2272314233812476,1.0,5.82436606,5.82436606,0,0,0.0,False,False,True,False,False
280,1047,1047,1,0,93.779,84.85225154376121,84.85225154376123,8.926748456238784,1.1052034364890713,1.0000000000000002,5.01510777,5.01510777,0,0,0.0,False,False,True,False,False
281,1049,1049,1,0,66.061,46.15346358620909,46.15346358620909,19.907536413790915,1.4313335309408803,1.0,7.042391297,7.042391297,0,0,0.0,False,False,True,False,False
282,1052,1052,2,1,119.556,100.74001915756791,101.04751937544725,18.815980842432083,1.1867776182670953,1.0030524137324053,6.2736897845,7.140952809,1,0,0.5,False,False,False,False,False
283,1055,1055,1,0,0.016,0.016124515020669746,0.0161245150206697,-0.00012451502066974582,0.9922779060015057,0.9999999999999972,7.102583232,7.102583232,0,0,0.0,False,True,True,False,False
284,1059,1059,1,0,2.781,2.779938308487455,2.779938308487455,0.0010616915125449822,1.0003819118968589,1.0,12.28966326,12.28966326,0,0,0.0,False,True,True,False,False
285,1063,1063,1,0,22.695,22.678623349132522,22.67862334913252,0.016376650867478304,1.0007221183850254,0.9999999999999999,4.127491898,4.127491898,0,0,0.0,False,False,True,False,False
286,1066,1066,1,0,16.282,11.099754277049204,11.099754277049204,5.182245722950796,1.466879319451787,1.0,2.90087547,2.90087547,0,0,0.0,False,False,True,False,False
287,1068,1068,1,0,3.531,2.9165476166770516,2.916547616677052,0.6144523833229485,1.2106779878406444,1.0000000000000002,8.524216221,8.524216221,0,0,0.0,False,True,True,False,False
288,1084,1084,1,0,5.53,1.058422410980804,1.058422410980804,4.471577589019196,5.224757093791634,1.0,9.219092761,9.219092761,0,0,0.0,False,True,True,False,False
289,1092,1092,1,0,2.445,2.3217734603735503,2.3217734603735503,0.12322653962644958,1.0530743165642973,1.0,9.92735634,9.92735634,0,0,0.0,False,True,True,False,False
290,1096,1096,1,0,52.053,41.03300648197138,41.03300648197138,11.01999351802862,1.2685641258792593,1.0,13.212534,13.212534,0,0,0.0,False,False,True,False,False
291,1100,1100,1,0,33.22,18.295191609184517,18.29519160918452,14.924808390815482,1.8157776485556434,1.0000000000000002,8.888875372,8.888875372,0,0,0.0,False,False,True,False,False
292,1101,1101,1,0,92.764,76.18224596281725,76.18224596281725,16.581754037182748,1.2176590336451345,1.0,1.207590471,1.207590471,0,0,0.0,False,False,True,False,False
293,1102,1102,1,0,33.847,13.656893497407152,13.656893497407152,20.190106502592847,2.4783820717666187,1.0,3.198803237,3.198803237,0,0,0.0,False,False,True,False,False
294,1103,1103,1,0,52.452,44.27804715676364,44.27804715676364,8.173952843236357,1.1846050891607074,1.0,8.059414141,8.059414141,0,0,0.0,False,False,True,False,False
295,1106,1106,1,0,0.999,0.9984513012487748,0.9984513012487748,0.0005486987512252073,1.0005495498383736,1.0,10.55381245,10.55381245,0,0,0.0,False,True,True,False,False
296,1108,1108,2,1,56.591,32.25199246566237,36.081923613019065,24.339007534337632,1.7546512842656332,1.1187502183449378,4.6398120065,4.805810425,0,1,0.0,False,False,False,False,False
297,1109,1109,1,0,41.164,37.842531852249486,37.842531852249486,3.3214681477505152,1.0877707696915917,1.0,6.820156087,6.820156087,0,0,0.0,False,False,True,False,False
298,1110,1110,1,0,23.942,18.68342840578442,18.68342840578442,5.2585715942155815,1.2814564586330162,1.0,5.214819308,5.214819308,0,0,0.0,False,False,True,False,False
299,1114,1114,1,0,29.566,25.917212697684626,25.917212697684626,3.648787302315373,1.140786254481808,1.0,3.18692952,3.18692952,0,0,0.0,False,False,True,False,False
300,1115,1115,1,0,51.252,47.576720210544714,47.57672021054472,3.6752797894552884,1.0772495408088412,1.0000000000000002,7.18895478,7.18895478,0,0,0.0,False,False,True,False,False
301,1116,1116,1,0,54.543,50.05285319488555,50.05285319488556,4.490146805114449,1.08970810889904,1.0000000000000002,12.92591277,12.92591277,0,0,0.0,False,False,True,False,False
302,1117,1117,1,0,64.282,57.43484957759988,57.43484957759988,6.847150422400119,1.1192159546469949,1.0,8.229416359,8.229416359,0,0,0.0,False,False,True,False,False
303,1118,1118,1,0,53.425,33.87657528434265,33.87657528434265,19.548424715657347,1.5770484339570299,1.0,3.811330069,3.811330069,0,0,0.0,False,False,True,False,False
304,1120,1120,2,1,56.974,54.459476467008756,54.810119727219245,2.514523532991241,1.046172377997694,1.0064386087226327,5.5056453585,7.073899721,0,1,0.0,False,False,False,False,False
305,1122,1122,1,0,70.97,50.530384245247035,50.53038424524704,20.439615754752964,1.4045014907377347,1.0000000000000002,7.827420174,7.827420174,0,0,0.0,False,False,True,False,False
306,1124,1124,1,0,34.469,10.764820713918827,10.764820713918828,23.704179286081175,3.202004094265301,1.0000000000000002,10.87294931,10.87294931,0,0,0.0,False,False,True,False,False
307,1129,1129,1,0,2.537,0.3649273903986101,0.3649273903986101,2.17207260960139,6.952067909259525,1.0,12.07147883,12.07147883,0,0,0.0,False,True,True,False,False
308,1131,1131,1,0,15.121,11.333441666282468,11.333441666282468,3.7875583337175325,1.3341931290814952,1.0,8.837505094,8.837505094,0,0,0.0,False,False,True,False,False
309,1134,1134,2,1,58.139,38.832894831404616,39.5390604016232,19.306105168595387,1.4971585366585216,1.0181847264615334,5.219468758,5.905436606,0,1,0.0,False,False,False,False,False
310,1136,1136,2,1,38.681,36.63729274942231,36.64611798099258,2.0437072505776896,1.0557821579382367,1.0002408811052341,5.030283938,5.964147075,0,1,0.0,False,False,False,False,False
311,1137,1137,2,1,34.043,32.318669418822516,32.79260121710357,1.7243305811774832,1.0533540090661413,1.0146643350980604,7.76170067,8.829568763,0,1,0.0,False,False,False,False,False
312,1138,1138,2,1,28.134,27.352960571085866,27.413852930239813,0.7810394289141342,1.0285541094129222,1.0022261706916769,10.6193400025,12.30720953,0,1,0.0,False,False,False,False,False
313,1140,1140,2,1,46.692,44.20304733798199,44.241192465162094,2.488952662018008,1.0563072641346911,1.0008629524315018,4.1215282085,4.669351078,0,1,0.0,False,False,False,False,False
314,1142,1142,1,0,70.434,64.71090431303874,64.71090431303874,5.723095686961258,1.088440978343863,1.0,15.75000756,15.75000756,0,0,0.0,False,False,True,False,False
315,1143,1143,1,0,41.299,34.13224922303875,34.13224922303875,7.166750776961251,1.2099700705373908,1.0,7.594691884,7.594691884,0,0,0.0,False,False,True,False,False
316,1144,1144,2,1,52.112,40.39141192152892,40.39212601632033,11.720588078471081,1.2901752506508424,1.0000176793718625,3.3194558450000002,3.887305746,0,1,0.0,False,False,False,False,False
317,1145,1145,3,2,42.253,38.832938196630245,39.82911688630144,3.420061803369755,1.0880711571720971,1.0256529311438412,12.371252293333333,14.49315934,0,2,0.0,False,False,False,False,False
318,1148,1148,2,1,39.445,34.932154613746064,35.1492157026929,4.512845386253936,1.1291888644188612,1.0062137904560122,14.387610625,14.41240517,0,1,0.0,False,False,False,False,False
319,1150,1150,1,0,16.461,9.754095806663322,9.754095806663322,6.706904193336676,1.6875987612050092,1.0,14.55202175,14.55202175,0,0,0.0,False,False,True,False,False
320,1154,1154,1,0,0.408,0.4085400844616533,0.4085400844616533,-0.0005400844616533229,0.9986780135360157,1.0,17.88214516,17.88214516,0,0,0.0,False,True,True,False,False
321,1156,1156,1,0,16.849,15.760579463340363,15.760579463340363,1.088420536659637,1.069059677608386,1.0,15.6963061,15.6963061,0,0,0.0,False,False,True,False,False
322,1157,1157,1,0,14.196,13.526646443369565,13.526646443369565,0.6693535566304352,1.04948407274728,1.0,14.18360621,14.18360621,0,0,0.0,False,False,True,False,False
323,1158,1158,2,1,33.542,32.77369391715168,32.77610772717737,0.7683060828483192,1.023442767385041,1.0000736508381323,10.976369455,11.44183078,0,1,0.0,False,False,False,False,False
324,1159,1159,2,1,22.141,16.751575567862997,17.23498997921821,5.389424432137002,1.321726419721159,1.0288578473945231,8.6963089195,11.18422046,0,1,0.0,False,False,False,False,False
325,1162,1162,1,0,200.053,165.72402096545366,165.72402096545366,34.328979034546336,1.2071454628879807,1.0,4.208922432,4.208922432,0,0,0.0,False,False,True,False,False
326,1168,1168,2,1,128.866,118.43922556313973,118.52583580560328,10.426774436860285,1.088034807617868,1.0007312631609313,3.6090444095,5.265130116,1,0,0.5,False,False,False,False,False
327,1170,1170,2,1,128.801,121.57801318509091,121.96387034323651,7.222986814909078,1.0594103047556203,1.0031737412714432,1.6208985230000001,1.896902007,1,0,0.5,False,False,False,False,False
328,1171,1171,1,0,193.911,192.31742529735303,192.31742529735303,1.5935747026469755,1.0082861690779348,1.0,0.3642571888,0.3642571888,0,0,0.0,False,False,True,False,False
329,1174,1174,1,0,120.175,115.53870501652254,115.53870501652256,4.636294983477455,1.0401276350017463,1.0000000000000002,2.993351398,2.993351398,0,0,0.0,False,False,True,False,False
330,1175,1175,1,0,139.235,133.69179249331683,133.69179249331685,5.5432075066831885,1.041462586470746,1.0000000000000002,6.081789094,6.081789094,0,0,0.0,False,False,True,False,False
331,1176,1176,2,1,30.012,28.491666588544337,28.509443481881362,1.5203334114556633,1.053360634651921,1.0006239330816882,3.715105621,4.814641471,0,1,0.0,False,False,False,False,False
332,1177,1177,2,1,30.985,25.874508478497255,26.189509477551304,5.110491521502745,1.1975106706181402,1.0121741829150428,1.851496774,2.346973081,0,1,0.0,False,False,False,False,False
333,1182,1182,1,0,114.764,106.50981157655953,106.50981157655951,8.254188423440468,1.0774969770508638,0.9999999999999999,10.11258955,10.11258955,0,0,0.0,False,False,True,False,False
334,1183,1183,1,0,16.212,10.073054055059956,10.073054055059956,6.138945944940044,1.6094423708424648,1.0,14.30503998,14.30503998,0,0,0.0,False,False,True,False,False
335,1185,1185,2,1,12.857,10.411387996154584,11.495272172592768,2.445612003845415,1.234897787379425,1.1041056367161144,14.019073215,14.80409447,0,1,0.0,False,False,False,False,False
336,1189,1189,2,1,10.72,3.2221539383346745,9.681937132760327,7.497846061665326,3.3269670553171906,3.0048027865994205,11.325916685,12.22523791,0,1,0.0,False,True,False,False,False
337,1195,1195,1,0,0.353,0.35259750424184594,0.3525975042418459,0.00040249575815404226,1.0011415161857695,0.9999999999999999,12.41078105,12.41078105,0,0,0.0,False,True,True,False,False
338,1204,1204,1,0,16.023,9.181404249735419,9.18140424973542,6.841595750264581,1.7451578826258234,1.0000000000000002,12.33239033,12.33239033,0,0,0.0,False,False,True,False,False
339,1206,1206,2,1,23.815,16.934703599880237,17.827626358401098,6.880296400119764,1.4062838395452295,1.052727392201135,10.58233775,10.89336721,0,1,0.0,False,False,False,False,False
340,1210,1210,2,1,14.816,13.641853430526858,13.673600174594412,1.1741465694731428,1.0860694315074308,1.0023271576863972,12.678500071999999,17.01038714,0,1,0.0,False,False,False,False,False
341,1219,1219,1,0,132.516,122.23760895031809,122.23760895031808,10.2783910496819,1.0840853411478248,0.9999999999999999,1.060930275,1.060930275,0,0,0.0,False,False,True,False,False
342,1220,1220,1,0,41.009,40.864817459288275,40.86481745928828,0.14418254071172498,1.0035282805522223,1.0000000000000002,3.777581319,3.777581319,0,0,0.0,False,False,True,False,False
343,1224,1224,2,1,163.364,138.85885294796677,140.59996330086864,24.505147052033237,1.176475223090139,1.0125387061461202,2.1760600945,3.515928033,1,0,0.5,False,False,False,False,False
344,1226,1226,1,0,131.564,122.82243288564578,122.82243288564578,8.741567114354211,1.0711723983068555,1.0,3.698812124,3.698812124,0,0,0.0,False,False,True,False,False
345,1227,1227,1,0,22.988,21.168526472163293,21.168526472163293,1.8194735278367062,1.0859518271254884,1.0,6.152726305,6.152726305,0,0,0.0,False,False,True,False,False
346,1230,1230,1,0,75.852,67.78770437900172,67.78770437900172,8.06429562099828,1.118963987567874,1.0,8.700339396,8.700339396,0,0,0.0,False,False,True,False,False
347,1231,1231,1,0,7.782,3.93873101413133,3.93873101413133,3.84326898586867,1.9757632527024154,1.0,7.455596644,7.455596644,0,0,0.0,False,True,True,False,False
348,1244,1244,1,0,83.979,48.85278400452091,48.852784004520906,35.126215995479086,1.719021785784582,0.9999999999999999,7.881955017,7.881955017,0,0,0.0,False,False,True,False,False
349,1245,1245,1,0,36.389,14.575842789129307,14.575842789129307,21.813157210870695,2.4965280242415204,1.0,10.92348486,10.92348486,0,0,0.0,False,False,True,False,False
350,1246,1246,1,0,96.002,61.376249820448244,61.37624982044824,34.62575017955175,1.5641555207567563,0.9999999999999999,13.8345733,13.8345733,0,0,0.0,False,False,True,False,False
351,1247,1247,1,0,81.698,72.17391956197301,72.173919561973,9.524080438026985,1.1319601387291849,0.9999999999999998,16.60355259,16.60355259,0,0,0.0,False,False,True,False,False
352,1250,1250,1,0,48.206,30.57584930976208,30.57584930976208,17.630150690237922,1.5766037931318908,1.0,15.86993734,15.86993734,0,0,0.0,False,False,True,False,False
353,1251,1251,1,0,31.491,30.781564515014015,30.78156451501401,0.7094354849859847,1.0230474147810111,0.9999999999999999,17.21981652,17.21981652,0,0,0.0,False,False,True,False,False
354,1252,1252,1,0,50.837,41.93761042320641,41.93761042320641,8.899389576793595,1.2122054520271157,1.0,17.76421437,17.76421437,0,0,0.0,False,False,True,False,False
355,1253,1253,1,0,3.158,3.129020453723194,3.1290204537231934,0.0289795462768061,1.0092615394195725,0.9999999999999999,16.63548412,16.63548412,0,0,0.0,False,True,True,False,False
356,1254,1254,2,1,17.606,8.476404249515596,13.364222123517413,9.129595750484405,2.077059975166491,1.5766381274561254,18.346463655,18.82910838,0,1,0.0,False,False,False,False,False
357,1264,1264,1,0,36.294,32.7247213282557,32.7247213282557,3.5692786717443,1.10906979576515,1.0,17.69429141,17.69429141,0,0,0.0,False,False,True,False,False
358,1265,1265,1,0,121.603,108.03436488963632,108.03436488963632,13.568635110363672,1.125595546604313,1.0,13.62522443,13.62522443,0,0,0.0,False,False,True,False,False
359,1266,1266,2,1,149.075,139.09703207827647,141.53202257843554,9.977967921723518,1.0717338664430198,1.0175056970215497,11.5943232,12.76764758,1,0,0.5,False,False,False,False,False
360,1268,1268,1,0,165.899,163.36017505208244,163.3601750520824,2.5388249479175613,1.0155412722048573,0.9999999999999998,13.14088272,13.14088272,0,0,0.0,False,False,True,False,False
361,1270,1270,1,0,91.321,89.47253684772947,89.47253684772947,1.8484631522705257,1.0206595589819518,1.0,13.24126402,13.24126402,0,0,0.0,False,False,True,False,False
362,1271,1271,1,0,81.706,80.61879039052585,80.61879039052586,1.087209609474158,1.0134858090056624,1.0000000000000002,11.6177986,11.6177986,0,0,0.0,False,False,True,False,False
363,1274,1274,1,0,154.965,143.22691384315067,143.22691384315067,11.738086156849334,1.0819544723954873,1.0,15.23460334,15.23460334,0,0,0.0,False,False,True,False,False
364,1278,1278,1,0,179.827,152.80501464300286,152.80501464300286,27.021985356997135,1.1768396503225262,1.0,10.77564607,10.77564607,0,0,0.0,False,False,True,False,False
365,1279,1279,1,0,0.0,0.0,0.0,0.0,,,10.77564607,10.77564607,0,0,0.0,True,True,True,False,False
366,1280,1280,2,1,44.663,37.46431087044319,37.61531816990241,7.198689129556804,1.1921479125680672,1.0040306973744004,15.459432204999999,16.2522314,0,1,0.0,False,False,False,False,False
367,1281,1281,2,1,14.084,9.107043977107754,11.429777536498245,4.976956022892246,1.5464952223139308,1.255048022742518,16.939928925,18.27123517,0,1,0.0,False,False,False,False,False
368,1283,1283,1,0,146.395,117.03457662168712,117.03457662168712,29.360423378312888,1.2508696508829191,1.0,13.68793602,13.68793602,0,0,0.0,False,False,True,False,False
369,1284,1284,1,0,29.823,29.409141776723068,29.409141776723068,0.41385822327693234,1.0140724345653804,1.0,14.46280874,14.46280874,0,0,0.0,False,False,True,False,False
370,1285,1285,1,0,38.895,36.03147612787691,36.03147612787691,2.8635238721230962,1.0794728437425198,1.0,14.94700732,14.94700732,0,0,0.0,False,False,True,False,False
371,1286,1286,1,0,21.532,19.43543138215892,19.43543138215892,2.096568617841079,1.107873531418791,1.0,14.93442414,14.93442414,0,0,0.0,False,False,True,False,False
372,1288,1288,1,0,60.63,38.04851367623367,38.04851367623367,22.581486323766335,1.5934919433625987,1.0,13.57300693,13.57300693,0,0,0.0,False,False,True,False,False
373,1292,1292,1,0,68.448,67.29452353708093,67.29452353708093,1.153476462919059,1.0171407181787009,1.0,14.76398626,14.76398626,0,0,0.0,False,False,True,False,False
374,1293,1293,1,0,125.631,118.90602471291483,118.90602471291484,6.724975287085172,1.0565570609506278,1.0000000000000002,13.71404467,13.71404467,0,0,0.0,False,False,True,False,False
375,1294,1294,1,0,20.297,16.258825817984107,16.258825817984107,4.038174182015894,1.2483681310829478,1.0,18.28429985,18.28429985,0,0,0.0,False,False,True,False,False
376,1295,1295,1,0,36.49,23.332527724425116,23.332527724425116,13.157472275574886,1.5639111386033537,1.0,17.0197926,17.0197926,0,0,0.0,False,False,True,False,False
377,1298,1298,1,0,121.255,107.32975580380136,107.32975580380136,13.925244196198634,1.1297426244186557,1.0,11.05305003,11.05305003,0,0,0.0,False,False,True,False,False
378,1299,1299,1,0,17.059,16.561937689156213,16.561937689156213,0.4970623108437877,1.030012328277822,1.0,11.30015739,11.30015739,0,0,0.0,False,False,True,False,False
379,1301,1301,3,2,31.929,27.698216206228736,29.23560461496897,4.230783793771263,1.1527457133799053,1.055504960943821,15.134944910000002,17.55843342,0,2,0.0,False,False,False,False,False
380,1302,1302,1,0,7.602,0.7194588240285135,0.7194588240285134,6.882541175971487,10.56627529763777,0.9999999999999999,17.70197593,17.70197593,0,0,0.0,False,True,True,False,False
381,1305,1305,1,0,174.724,138.85968377428205,138.85968377428205,35.86431622571794,1.258277386574031,1.0,9.472845402,9.472845402,0,0,0.0,False,False,True,False,False
382,1307,1307,2,1,27.358,21.00098400082282,25.00850758876914,6.357015999177179,1.3027008638703839,1.1908255150229772,14.869090305,17.34295712,0,1,0.0,False,False,False,False,False
383,1308,1308,2,1,13.448,6.22353227672479,13.295404174814927,7.22446772327521,2.1608307633100563,2.136311596637496,15.18280064,18.36505231,0,1,0.0,False,False,False,False,False
384,1311,1311,1,0,61.954,58.72197285465963,58.721972854659626,3.2320271453403677,1.055039485021047,0.9999999999999999,7.922532554,7.922532554,0,0,0.0,False,False,True,False,False
385,1313,1313,1,0,10.722,5.006664059115161,5.006664059115161,5.715335940884838,2.1415457225414323,1.0,9.417743546,9.417743546,0,0,0.0,False,False,True,False,False
386,1318,1318,1,0,98.125,92.92005434773512,92.92005434773512,5.2049456522648825,1.0560153100296992,1.0,9.654824022,9.654824022,0,0,0.0,False,False,True,False,False
387,1320,1320,2,1,28.987,28.5187844235211,28.545499003464595,0.46821557647889733,1.0164177957070546,1.0009367362769312,13.386737175,14.14407696,0,1,0.0,False,False,False,False,False
388,1321,1321,1,0,7.076,4.660543423546233,4.660543423546233,2.4154565764537663,1.5182778824139422,1.0,20.09660439,20.09660439,0,0,0.0,False,True,True,False,False
389,1322,1322,1,0,123.207,118.6845728348623,118.6845728348623,4.5224271651376995,1.0381045914992693,1.0,5.971849435,5.971849435,0,0,0.0,False,False,True,False,False
390,1324,1324,2,1,117.774,106.1290916427971,116.35251258312468,11.644908357202894,1.1097239991122945,1.0963300522229753,7.9188477625,9.83811856,0,1,0.0,False,False,False,False,False
391,1326,1326,2,1,95.437,93.1656919688092,93.30458887113626,2.2713080311907987,1.0243792321314074,1.0014908589137466,9.855114520499999,10.61723579,1,0,0.5,False,False,False,False,False
392,1327,1327,1,0,9.082,8.730104753192283,8.730104753192283,0.3518952468077181,1.0403082502164758,1.0,11.52731294,11.52731294,0,0,0.0,False,False,True,False,False
393,1332,1332,1,0,77.088,50.04352557553926,50.04352557553927,27.04447442446073,1.5404190474877288,1.0000000000000002,2.026240873,2.026240873,0,0,0.0,False,False,True,False,False
394,1333,1333,1,0,10.427,3.8168618000490397,3.81686180004904,6.61013819995096,2.7318253964201773,1.0000000000000002,2.268031634,2.268031634,0,0,0.0,False,True,True,False,False
395,1338,1338,1,0,172.367,160.3222120136283,160.3222120136283,12.044787986371688,1.0751286289971336,1.0,10.02795058,10.02795058,0,0,0.0,False,False,True,False,False
396,1339,1339,1,0,29.303,29.29674688440543,29.296746884405437,0.006253115594571312,1.0002134406123397,1.0000000000000002,7.309157703,7.309157703,0,0,0.0,False,False,True,False,False
397,1342,1342,1,0,44.217,43.69482122634383,43.69482122634383,0.5221787736561723,1.0119505872549799,1.0,7.879246482,7.879246482,0,0,0.0,False,False,True,False,False
398,1343,1343,1,0,0.0,0.0,0.0,0.0,,,7.879246482,7.879246482,0,0,0.0,True,True,True,False,False
399,1347,1347,1,0,173.481,163.78778545654498,163.78778545654498,9.693214543455014,1.0591815471247503,1.0,9.208878838,9.208878838,0,0,0.0,False,False,True,False,False
400,1348,1348,1,0,165.171,154.3704524191548,154.3704524191548,10.800547580845205,1.0699651222859605,1.0,11.78420066,11.78420066,0,0,0.0,False,False,True,False,False
401,1349,1349,1,0,212.872,206.8983185285984,206.8983185285984,5.973681471401619,1.0288725472197393,1.0,11.03014173,11.03014173,0,0,0.0,False,False,True,False,False
402,1351,1351,1,0,139.866,138.1672856689868,138.1672856689868,1.698714331013207,1.0122946204145813,1.0,11.07835872,11.07835872,0,0,0.0,False,False,True,False,False
403,1354,1354,1,0,246.523,239.87224046507097,239.87224046507097,6.650759534929023,1.027726257619616,1.0,9.064217072,9.064217072,0,0,0.0,False,False,True,False,False
404,1358,1358,1,0,110.128,107.84642472037817,107.84642472037817,2.2815752796218334,1.021155780412169,1.0,1.492777916,1.492777916,0,0,0.0,False,False,True,False,False
405,1359,1359,1,0,151.389,135.70553004559204,135.70553004559204,15.683469954407968,1.1155698662327092,1.0,12.48777764,12.48777764,0,0,0.0,False,False,True,False,False
406,1362,1362,1,0,86.704,83.96113205532032,83.96113205532032,2.7428679446796735,1.0326683058879251,1.0,15.12652673,15.12652673,0,0,0.0,False,False,True,False,False
407,1363,1363,2,1,24.706,23.565607524689494,23.594764208475713,1.140392475310506,1.0483922374636736,1.0012372557658729,16.199372585,17.91752418,0,1,0.0,False,False,False,False,False
408,1380,1380,1,0,135.556,131.05411563571764,131.05411563571764,4.501884364282375,1.03435133908191,1.0,12.06015994,12.06015994,0,0,0.0,False,False,True,False,False
409,1381,1381,2,1,16.389,10.13578857328803,13.29863780543511,6.253211426711969,1.6169437514898202,1.3120476723915184,12.97838788,13.36105253,0,1,0.0,False,False,False,False,False
410,1397,1397,1,0,138.557,128.49581930187026,128.49581930187026,10.061180698129732,1.0782996735052788,1.0,13.57271944,13.57271944,0,0,0.0,False,False,True,False,False
411,1400,1400,1,0,10.703,6.105111629342732,6.105111629342732,4.597888370657268,1.7531210975010902,1.0,16.7318264,16.7318264,0,0,0.0,False,False,True,False,False
412,1403,1403,2,1,11.814,4.184580505393584,9.665046996000916,7.629419494606416,2.823222061272979,2.309681217398842,12.80515977,14.10639992,0,1,0.0,False,True,False,False,False
413,1407,1407,1,0,106.182,102.43103343205797,102.43103343205796,3.7509665679420294,1.0366194349726054,0.9999999999999999,10.21947164,10.21947164,0,0,0.0,False,False,True,False,False
414,1408,1408,1,0,10.847,6.419478873046812,6.419478873046812,4.427521126953187,1.6897010200536415,1.0,11.83664741,11.83664741,0,0,0.0,False,False,True,False,False
415,1411,1411,1,0,9.981,3.9571729810045935,3.9571729810045935,6.023827018995407,2.5222551674923643,1.0,12.95613623,12.95613623,0,0,0.0,False,True,True,False,False
416,1415,1415,1,0,109.54,107.3112949319699,107.3112949319699,2.2287050680301093,1.020768597279932,1.0,11.39601425,11.39601425,0,0,0.0,False,False,True,False,False
417,1416,1416,1,0,17.999,7.432159578546299,7.432159578546299,10.5668404214537,2.421772542661218,1.0,13.23864996,13.23864996,0,0,0.0,False,False,True,False,False
418,1429,1429,1,0,177.932,171.5223609735443,171.5223609735443,6.409639026455693,1.0373691161320029,1.0,14.60714279,14.60714279,0,0,0.0,False,False,True,False,False
419,1431,1431,1,0,158.346,153.60736210548083,153.60736210548083,4.738637894519172,1.0308490285202945,1.0,16.93847987,16.93847987,0,0,0.0,False,False,True,False,False
420,1435,1435,1,0,44.142,43.552986498872244,43.55298649887224,0.5890135011277593,1.013524066854589,0.9999999999999999,15.60401397,15.60401397,0,0,0.0,False,False,True,False,False
421,1445,1445,1,0,6.449,4.58968114414347,4.58968114414347,1.8593188558565297,1.405108502630746,1.0,16.17426276,16.17426276,0,0,0.0,False,True,True,False,False
422,1451,1451,1,0,45.834,44.87657544885853,44.87657544885853,0.9574245511414716,1.021334617037179,1.0,15.02722568,15.02722568,0,0,0.0,False,False,True,False,False
423,1452,1452,1,0,7.102,6.848013580332184,6.848013580332184,0.2539864196678163,1.0370890648344036,1.0,11.38947757,11.38947757,0,0,0.0,False,False,True,False,False
424,1454,1454,1,0,6.084,5.938394480487647,5.938394480487648,0.1456055195123529,1.0245193410425635,1.0000000000000002,17.20998184,17.20998184,0,0,0.0,False,False,True,False,False
425,1461,1461,1,0,4.137,4.022003107785966,4.022003107785966,0.11499689221403386,1.0285919451408225,1.0,12.03387326,12.03387326,0,0,0.0,False,True,True,False,False
426,1463,1463,1,0,2.465,2.4452075575837724,2.4452075575837724,0.019792442416227463,1.0080943813357854,1.0,10.38927019,10.38927019,0,0,0.0,False,True,True,False,False
427,1468,1468,1,0,82.071,76.71107453924621,76.71107453924621,5.359925460753786,1.0698715992827292,1.0,16.14854545,16.14854545,0,0,0.0,False,False,True,False,False
428,1470,1470,1,0,51.669,50.879103106932384,50.879103106932384,0.7898968930676133,1.015524976755339,1.0,15.39878911,15.39878911,0,0,0.0,False,False,True,False,False
429,1472,1472,1,0,14.479,14.46848084648653,14.46848084648653,0.010519153513468993,1.0007270392534695,1.0,15.13234214,15.13234214,0,0,0.0,False,False,True,False,False
430,1477,1477,1,0,92.554,83.2984293245451,83.2984293245451,9.255570675454905,1.1111133877374038,1.0,14.36951713,14.36951713,0,0,0.0,False,False,True,False,False
431,1478,1478,1,0,9.148,4.9504692710239295,4.9504692710239295,4.19753072897607,1.8479056225124038,1.0,13.46027535,13.46027535,0,0,0.0,False,True,True,False,False
432,1502,1502,1,0,166.752,153.15219499530926,153.15219499530926,13.59980500469075,1.0887992823420343,1.0,12.07832781,12.07832781,0,0,0.0,False,False,True,False,False
433,1503,1503,1,0,96.499,96.24812848608495,96.24812848608494,0.2508715139150439,1.002606507969153,0.9999999999999999,13.16595921,13.16595921,0,0,0.0,False,False,True,False,False
434,1509,1509,1,0,228.352,209.27978258792226,209.27978258792223,19.072217412077748,1.0911326320021628,0.9999999999999999,10.20074535,10.20074535,0,0,0.0,False,False,True,False,False
435,1510,1510,1,0,191.225,188.74440985094944,188.74440985094944,2.480590149050556,1.0131425887050614,1.0,12.89125315,12.89125315,0,0,0.0,False,False,True,False,False
436,1511,1511,2,1,114.597,105.08624896710477,113.44569790869284,9.510751032895229,1.0905042393878992,1.0795484568509515,11.204645524,13.44525562,0,1,0.0,False,False,False,False,False
437,1512,1512,1,0,96.182,95.8438405945051,95.84384059450512,0.3381594054949062,1.0035282330444748,1.0000000000000002,6.321511668,6.321511668,0,0,0.0,False,False,True,False,False
438,1518,1518,1,0,92.631,91.52985305367156,91.52985305367156,1.1011469463284413,1.0120304677609693,1.0,8.659251106,8.659251106,0,0,0.0,False,False,True,False,False
439,1519,1519,1,0,136.657,136.00497848567392,136.00497848567392,0.6520215143260941,1.0047941003453398,1.0,16.84113885,16.84113885,0,0,0.0,False,False,True,False,False
440,1520,1520,1,0,73.894,72.0633201846212,72.0633201846212,1.8306798153788009,1.0254037672797858,1.0,20.23972363,20.23972363,0,0,0.0,False,False,True,False,False
441,1523,1523,1,0,91.552,69.81835231501114,69.81835231501114,21.733647684988867,1.3112884644846605,1.0,13.58054344,13.58054344,0,0,0.0,False,False,True,False,False
442,1524,1524,1,0,8.422,5.932043998370807,5.932043998370807,2.489956001629194,1.4197467183845978,1.0,13.23132446,13.23132446,0,0,0.0,False,False,True,False,False
443,1540,1540,1,0,405.493,398.2851760045688,398.2851760045688,7.20782399543117,1.0180971435285064,1.0,11.45557541,11.45557541,0,0,0.0,False,False,True,False,False
444,1542,1542,1,0,9.96,8.321034611104876,8.321034611104876,1.6389653888951248,1.1969665390777051,1.0,12.13516954,12.13516954,0,0,0.0,False,False,True,False,False
445,1549,1549,1,0,96.168,90.09155825076861,90.0915582507686,6.0764417492313925,1.067447404254211,0.9999999999999999,14.88423272,14.88423272,0,0,0.0,False,False,True,False,False
446,1551,1551,1,0,4.537,1.0618210773443617,1.0618210773443617,3.475178922655638,4.272847937194031,1.0,14.43956897,14.43956897,0,0,0.0,False,True,True,False,False
447,1556,1556,1,0,158.487,155.97273286019345,155.97273286019345,2.514267139806549,1.0161199146395685,1.0,9.490343992,9.490343992,0,0,0.0,False,False,True,False,False
448,1558,1558,1,0,23.255,22.827195710755873,22.827195710755877,0.4278042892441256,1.0187409918706112,1.0000000000000002,6.723558428,6.723558428,0,0,0.0,False,False,True,False,False
449,1560,1560,1,0,27.401,19.867371970482214,19.867371970482218,7.533628029517786,1.3791960024058951,1.0000000000000002,13.89234185,13.89234185,0,0,0.0,False,False,True,False,False
450,1563,1563,1,0,11.284,5.240651200268844,5.240651200268844,6.043348799731157,2.1531675299094766,1.0,14.82690636,14.82690636,0,0,0.0,False,False,True,False,False
451,1570,1570,2,1,12.943,5.0772032655602,7.173739008770402,7.865796734439799,2.5492380988161827,1.412931220900977,13.53445918,14.10328877,0,1,0.0,False,False,False,False,False
452,1576,1576,2,1,274.643,212.99779191555137,229.77151240808888,61.6452080844486,1.2894171227319082,1.0787506778435896,13.002804430000001,13.85375817,1,0,0.5,False,False,False,False,False
453,1577,1577,1,0,241.828,203.35934711979075,203.35934711979075,38.46865288020925,1.1891658948804007,1.0,18.63196405,18.63196405,0,0,0.0,False,False,True,False,False
454,1578,1578,1,0,38.066,35.75911985811739,35.75911985811739,2.3068801418826155,1.0645116588729169,1.0,20.67652949,20.67652949,0,0,0.0,False,False,True,False,False
455,1579,1579,1,0,2.753,0.4547570778377674,0.4547570778377674,2.298242922162233,6.053781533406108,1.0,19.48074995,19.48074995,0,0,0.0,False,True,True,False,False
456,1584,1584,1,0,21.591,14.39867400154216,14.39867400154216,7.192325998457841,1.499513080002194,1.0,20.12089649,20.12089649,0,0,0.0,False,False,True,False,False
457,1590,1590,1,0,16.264,12.387298414329432,12.387298414329434,3.876701585670567,1.3129577940244064,1.0000000000000002,20.5108481,20.5108481,0,0,0.0,False,False,True,False,False
458,1592,1592,1,0,152.609,151.01549882392655,151.01549882392655,1.5935011760734596,1.0105519048606486,1.0,8.815432965,8.815432965,0,0,0.0,False,False,True,False,False
459,1593,1593,1,0,31.381,31.299577824371372,31.29957782437137,0.08142217562862797,1.0026013825517235,0.9999999999999999,11.09187965,11.09187965,0,0,0.0,False,False,True,False,False
460,1595,1595,1,0,201.606,177.09209340339316,177.09209340339316,24.51390659660683,1.1384246248688656,1.0,11.44210456,11.44210456,0,0,0.0,False,False,True,False,False
461,1597,1597,1,0,232.171,215.59830964103753,215.59830964103756,16.57269035896246,1.0768683687110316,1.0000000000000002,9.277806247,9.277806247,0,0,0.0,False,False,True,False,False
462,1601,1601,1,0,177.908,175.52613187217486,175.52613187217486,2.381868127825129,1.0135698776154864,1.0,15.02136171,15.02136171,0,0,0.0,False,False,True,False,False
463,1606,1606,2,1,23.279,22.149643721754526,22.419350945347674,1.1293562782454742,1.0509875595487013,1.0121765942143914,14.040528720000001,14.85906853,0,1,0.0,False,False,False,False,False
464,1608,1608,1,0,6.624,3.5511184152253135,3.551118415225313,3.072881584774686,1.8653278278752403,0.9999999999999999,12.28300845,12.28300845,0,0,0.0,False,True,True,False,False
465,1615,1615,1,0,4.261,3.8531545519996877,3.853154551999688,0.4078454480003124,1.1058471552324967,1.0000000000000002,13.68168664,13.68168664,0,0,0.0,False,True,True,False,False
466,1622,1622,1,0,9.191,8.242916110474686,8.242916110474686,0.9480838895253143,1.1150180199359954,1.0,13.86356577,13.86356577,0,0,0.0,False,False,True,False,False
467,1627,1627,2,1,23.392,20.609627386141568,22.331907391930045,2.7823726138584313,1.1350035379935772,1.0835667706902155,14.091104835,14.76101386,0,1,0.0,False,False,False,False,False
468,1629,1629,1,0,7.216,6.331144762226638,6.3311447622266375,0.8848552377733618,1.1397622817049853,0.9999999999999999,15.34195601,15.34195601,0,0,0.0,False,False,True,False,False
469,1635,1635,1,0,22.356,21.47984599559484,21.47984599559484,0.8761540044051621,1.0407895850177347,1.0,13.84086069,13.84086069,0,0,0.0,False,False,True,False,False
470,1642,1642,1,0,32.861,24.79294839281241,24.792948392812413,8.068051607187588,1.3254171903784768,1.0000000000000002,14.20922343,14.20922343,0,0,0.0,False,False,True,False,False
471,1646,1646,2,1,52.8,43.91732018225037,44.34479037628486,8.882679817749626,1.2022591492579198,1.0097335218146406,14.481750835,15.22651772,0,1,0.0,False,False,False,False,False
472,1647,1647,2,1,17.102,11.067547696241085,11.114180917040004,6.034452303758915,1.5452384276426854,1.0042135098107376,15.0710593,15.51740758,0,1,0.0,False,False,False,False,False
473,1661,1661,2,1,43.891,41.033496024669084,41.46848626334119,2.857503975330914,1.0696383260547189,1.0106008573681022,18.0173845,18.70401902,0,1,0.0,False,False,False,False,False
474,1662,1662,1,0,5.491,3.7087605746030534,3.708760574603053,1.7822394253969462,1.4805485254565667,0.9999999999999999,17.01730524,17.01730524,0,0,0.0,False,True,True,False,False
475,1668,1668,2,1,41.893,40.16891407543298,40.19979685841801,1.7240859245670208,1.0429208995127268,1.000768822949185,15.711294765000002,15.98522645,0,1,0.0,False,False,False,False,False
476,1669,1669,1,0,6.089,4.784937198952469,4.784937198952469,1.3040628010475315,1.2725349877806171,1.0,14.88885514,14.88885514,0,0,0.0,False,True,True,False,False
477,1674,1674,1,0,252.254,245.9397582436692,245.9397582436692,6.3142417563308015,1.0256739365827743,1.0,9.574048325,9.574048325,0,0,0.0,False,False,True,False,False
478,1675,1675,2,1,222.255,210.9184216231604,211.23456335598053,11.336578376839583,1.0537486403017666,1.0014988815599282,5.9438425945,10.34843167,1,0,0.5,False,False,False,False,False
479,1676,1676,1,0,24.853,23.640075402364356,23.640075402364356,1.212924597635645,1.0513079834556844,1.0,12.55242853,12.55242853,0,0,0.0,False,False,True,False,False
480,1686,1686,1,0,285.344,276.99515239036236,276.9951523903624,8.34884760963763,1.0301407715535462,1.0000000000000002,4.903029225,4.903029225,0,0,0.0,False,False,True,False,False
481,1687,1687,1,0,254.759,235.57530308605575,235.57530308605575,19.18369691394423,1.0814333958723017,1.0,11.99277867,11.99277867,0,0,0.0,False,False,True,False,False
482,1688,1688,1,0,304.203,283.511332755594,283.511332755594,20.69166724440595,1.0729835631023736,1.0,14.41775622,14.41775622,0,0,0.0,False,False,True,False,False
483,1690,1690,1,0,60.726,50.842661024480016,50.842661024480016,9.883338975519983,1.1943906706763696,1.0,12.15088019,12.15088019,0,0,0.0,False,False,True,False,False
484,1698,1698,1,0,155.113,154.12014373203615,154.12014373203615,0.9928562679638446,1.0064420927980062,1.0,12.22248211,12.22248211,0,0,0.0,False,False,True,False,False
485,1699,1699,1,0,0.007,0.007071067818450922,0.0070710678184509,-7.10678184509218e-05,0.989949492739204,0.9999999999999969,12.18054604,12.18054604,0,0,0.0,False,True,True,False,False
486,1700,1700,1,0,0.0,0.0,0.0,0.0,,,12.18054604,12.18054604,0,0,0.0,True,True,True,False,False
487,1701,1701,1,0,259.592,258.8606439300474,258.86064393004733,0.7313560699525965,1.0028252887686946,0.9999999999999998,10.51621836,10.51621836,0,0,0.0,False,False,True,False,False
488,1703,1703,1,0,216.552,209.0115853820594,209.0115853820594,7.540414617940598,1.0360765390308735,1.0,4.420491649,4.420491649,0,0,0.0,False,False,True,False,False
489,1704,1704,3,2,30.28,29.7209665556736,29.834980639522175,0.5590334443264027,1.0188093965005887,1.0038361499325739,4.465100977333333,5.016319446,0,2,0.0,False,False,False,False,False
490,1707,1707,1,0,205.125,163.37866725221915,163.37866725221917,41.746332747780855,1.2555188718936856,1.0000000000000002,2.440922362,2.440922362,0,0,0.0,False,False,True,False,False
491,1709,1709,1,0,238.815,186.1122012039022,186.11220120390223,52.702798796097795,1.2831775587800247,1.0000000000000002,7.582487423,7.582487423,0,0,0.0,False,False,True,False,False
492,1710,1710,1,0,85.885,81.08514779543371,81.0851477954337,4.799852204566292,1.0591952081862839,0.9999999999999998,0.918643177,0.918643177,0,0,0.0,False,False,True,False,False
493,1756,1756,1,0,200.238,196.94627679919233,196.9462767991923,3.2917232008076667,1.0167138127935464,0.9999999999999999,5.116762185,5.116762185,0,0,0.0,False,False,True,False,False
494,1758,1758,1,0,2.714,2.4035692211526216,2.4035692211526216,0.31043077884737835,1.1291540830675608,1.0,3.867114797,3.867114797,0,0,0.0,False,True,True,False,False
495,1760,1760,1,0,1.117,1.0243402750844255,1.0243402750844257,0.0926597249155745,1.0904579534451455,1.0000000000000002,4.970334265,4.970334265,0,0,0.0,False,True,True,False,False
496,1761,1761,1,0,0.046,0.045221676711003016,0.045221676711003,0.0007783232889969835,1.0172112877187414,0.9999999999999997,3.026459901,3.026459901,0,0,0.0,False,True,True,False,False
497,1762,1762,1,0,155.579,153.1585427260245,153.1585427260245,2.420457273975501,1.0158036060600635,1.0,8.025613866,8.025613866,0,0,0.0,False,False,True,False,False
498,1765,1765,1,0,206.054,203.98953123149312,203.9895312314931,2.0644687685068845,1.010120464300514,0.9999999999999999,3.358294815,3.358294815,0,0,0.0,False,False,True,False,False
499,1767,1767,1,0,13.701,4.979856724351619,4.979856724351619,8.72114327564838,2.7512839742962445,1.0,3.946976687,3.946976687,0,0,0.0,False,True,True,False,False
500,1775,1775,2,1,34.735,31.167075512905885,32.506111141066604,3.567924487094114,1.1144773588274808,1.0429631464012799,9.379845762,10.11850955,0,1,0.0,False,False,False,False,False
501,1779,1779,2,1,18.812,11.756640038616908,16.546593600542636,7.055359961383093,1.6001170349869034,1.407425382268422,10.2760654965,11.43846268,0,1,0.0,False,False,False,False,False
502,1781,1781,1,0,17.722,14.513897649983488,14.513897649983488,3.208102350016514,1.2210365835134689,1.0,9.675158791,9.675158791,0,0,0.0,False,False,True,False,False
503,1783,1783,1,0,11.38,2.701740180029933,2.701740180029933,8.678259819970068,4.212100069472231,1.0,11.01561817,11.01561817,0,0,0.0,False,True,True,False,False
504,1790,1790,3,2,26.153,13.393512608664512,16.218294571735907,12.759487391335487,1.95266176724104,1.2109067311620696,10.846541443333335,11.68683043,0,2,0.0,False,False,False,False,False
505,1792,1792,1,0,3.322,3.0821972684501895,3.082197268450189,0.23980273154981058,1.0778025254919488,0.9999999999999999,11.19329922,11.19329922,0,0,0.0,False,True,True,False,False
506,1805,1805,2,1,10.451,6.8939112987329745,8.383152946713977,3.557088701267026,1.5159754088975268,1.21602274578942,11.591125705,12.81462324,0,1,0.0,False,False,False,False,False
507,1812,1812,1,0,11.578,5.760121960375956,5.760121960375956,5.817878039624043,2.010026884785668,1.0,9.191331154,9.191331154,0,0,0.0,False,False,True,False,False
508,1814,1814,1,0,225.339,207.38981140107458,207.38981140107455,17.949188598925417,1.0865480733005402,0.9999999999999999,6.19426397,6.19426397,0,0,0.0,False,False,True,False,False
509,1815,1815,1,0,268.01,263.482657721219,263.482657721219,4.527342278780964,1.0171826955061731,1.0,7.130385923,7.130385923,0,0,0.0,False,False,True,False,False
510,1817,1817,1,0,105.418,105.04123752625975,105.04123752625976,0.37676247374025706,1.0035868053596195,1.0000000000000002,6.542683064,6.542683064,0,0,0.0,False,False,True,False,False
511,1819,1819,2,1,20.429,9.252870095167053,16.277318426918097,11.176129904832946,2.2078554859070643,1.7591642657363196,10.1817538525,11.04636432,0,1,0.0,False,False,False,False,False
512,1825,1825,1,0,3.256,3.2037454642721968,3.2037454642721968,0.05225453572780303,1.0163104517230035,1.0,8.208377871,8.208377871,0,0,0.0,False,True,True,False,False
513,1829,1829,1,0,0.021,0.020248457026142894,0.0202484570261428,0.0007515429738571069,1.0371160613812098,0.9999999999999953,8.25261836,8.25261836,0,0,0.0,False,True,True,False,False
514,1830,1830,1,0,0.006,0.0064031241234015,0.0064031241234015,-0.00040312412340149945,0.9370425880191512,1.0,8.296860939,8.296860939,0,0,0.0,False,True,True,False,False
515,1833,1833,1,0,1.403,1.4030484667181922,1.4030484667181922,-4.8466718192141656e-05,0.999965456134024,1.0,7.912615941,7.912615941,0,0,0.0,False,True,True,False,False
516,1835,1835,1,0,117.562,95.40514891774978,95.40514891774978,22.156851082250213,1.232239573373047,1.0,8.456430216,8.456430216,0,0,0.0,False,False,True,False,False
517,1840,1840,2,1,49.889,20.40552437385871,20.70823693383487,29.483475626141292,2.444877136502909,1.0148348336671005,7.399141212,7.558189488,0,1,0.0,False,False,False,False,False
518,1842,1842,2,1,17.834,7.7654892962019995,13.715904181230195,10.068510703798001,2.296571319559011,1.7662639993513953,8.6108922535,9.473995741,0,1,0.0,False,False,False,False,False
519,1849,1849,1,0,50.177,49.11608943128547,49.11608943128547,1.060910568714533,1.0216000618330734,1.0,5.219974231,5.219974231,0,0,0.0,False,False,True,False,False
520,1856,1856,1,0,78.036,70.93589517998258,70.93589517998258,7.100104820017421,1.1000918477451032,1.0,10.81287482,10.81287482,0,0,0.0,False,False,True,False,False
521,1859,1859,2,1,43.539,42.84842244497817,42.84991502555876,0.6905775550218323,1.0161167556613924,1.0000348339681002,10.59378965,10.82985014,0,1,0.0,False,False,False,False,False
522,1863,1863,2,1,57.561,29.591580593036564,45.375151908304844,27.969419406963436,1.9451816647315265,1.5333804750862967,8.627820254,9.852175048,0,1,0.0,False,False,False,False,False
523,1866,1866,1,0,3.375,2.2671285804800063,2.2671285804800063,1.1078714195199937,1.4886672194328874,1.0,14.98588869,14.98588869,0,0,0.0,False,True,True,False,False
524,1867,1867,1,0,3.763,0.8892446233969512,0.8892446233969512,2.873755376603049,4.231681475481048,1.0,11.33744862,11.33744862,0,0,0.0,False,True,True,False,False
525,1877,1877,2,1,17.621,14.609432056144993,15.3366086648634,3.011567943855006,1.2061386049971934,1.049774461178492,7.329804728,7.852701897,0,1,0.0,False,False,False,False,False
526,1880,1880,2,1,49.511,35.62097585658777,35.71198734859045,13.890024143412234,1.3899394614941016,1.0025549971558638,8.982669429,10.09614701,0,1,0.0,False,False,False,False,False
527,1883,1883,2,1,13.463,7.161021715439058,12.302687709816105,6.301978284560941,1.880038985355116,1.718007317767476,12.868156465,13.43054129,0,1,0.0,False,False,False,False,False
528,1890,1890,1,0,238.987,230.37362516774465,230.37362516774465,8.613374832255346,1.0373887194160512,1.0,9.743713656,9.743713656,0,0,0.0,False,False,True,False,False
529,1893,1893,1,0,198.15,124.71724593653457,124.71724593653455,73.43275406346544,1.5887939034576941,0.9999999999999999,13.44642758,13.44642758,0,0,0.0,False,False,True,False,False
530,1896,1897,2,1,443.422,287.7427041734627,287.79233364091135,155.67929582653733,1.5410364661502858,1.00017247863014,9.492233907,10.31500788,0,1,0.0,False,False,False,True,False
531,1900,1900,1,0,139.531,126.10647410037924,126.10647410037924,13.424525899620761,1.1064538993369604,1.0,4.139489122,4.139489122,0,0,0.0,False,False,True,False,False
532,1904,1904,1,0,83.196,70.69708832810136,70.69708832810136,12.49891167189864,1.1767952820615732,1.0,7.358116433,7.358116433,0,0,0.0,False,False,True,False,False
533,1906,1906,2,1,8.514,0.7808764302866735,6.907343139098522,7.733123569713326,10.903133543004186,8.845628925645398,6.186118487,7.155720516,0,1,0.0,False,True,False,False,False
534,1910,1910,1,0,178.027,168.12200074963948,168.12200074963948,9.904999250360504,1.0589155447008427,1.0,2.75136254,2.75136254,0,0,0.0,False,False,True,False,False
535,1913,1913,1,0,6.355,5.59910885823766,5.59910885823766,0.7558911417623406,1.1350020442360644,1.0,5.003967747,5.003967747,0,0,0.0,False,False,True,False,False
536,1917,1917,1,0,183.289,170.8974223238167,170.8974223238167,12.391577676183289,1.0725088623788819,1.0,10.71514267,10.71514267,0,0,0.0,False,False,True,False,False
537,1921,1921,1,0,59.433,56.86888578117859,56.86888578117859,2.564114218821409,1.0450881740269655,1.0,12.33580691,12.33580691,0,0,0.0,False,False,True,False,False
538,1922,1922,2,1,43.485,28.9840029154085,29.118955582197156,14.5009970845915,1.5003103652353853,1.0046561086535397,10.127237595499999,11.35864095,0,1,0.0,False,False,False,False,False
539,1927,1927,1,0,6.793,5.050385530282682,5.050385530282681,1.742614469717318,1.3450458305149984,0.9999999999999998,6.76503873,6.76503873,0,0,0.0,False,False,True,False,False
540,1935,1935,1,0,92.79,83.27457158731754,83.27457158731754,9.515428412682468,1.1142657143868349,1.0,11.72548347,11.72548347,0,0,0.0,False,False,True,False,False
